data1, data2, data3, TIME, Created by Kevin Sheridan's Quadcopter GUI
Zaccel, Zsonar, Pitch, 12:46:25
Zaccel, Zsonar, Pitch, 12:46:25
Zaccel, Zsonar, Pitch, 12:46:25
Zaccel, Zsonar, Pitch, 12:46:25
Zaccel, Zsonar, Pitch, 12:46:25
Zaccel, Zsonar, Pitch, 12:46:25
Zaccel, Zsonar, Pitch, 12:46:25
Zaccel, Zsonar, Pitch, 12:46:25
Zaccel, Zsonar, Pitch, 12:46:25
Zaccel, Zsonar, Pitch, 12:46:25
Zaccel, Zsonar, Pitch, 12:46:25
Zaccel, Zsonar, Pitch, 12:46:25
Zaccel, Zsonar, Pitch, 12:46:25
Zaccel, Zsonar, Pitch, 12:46:25
Zaccel, Zsonar, Pitch, 12:46:25
Zaccel, Zsonar, Pitch, 12:46:25
Zaccel, Zsonar, Pitch, 12:46:25
Zaccel, Zsonar, Pitch, 12:46:25
Zaccel, Zsonar, Pitch, 12:46:25
Zaccel, Zsonar, Pitch, 12:46:25
Zaccel, Zsonar, Pitch, 12:46:25
Zaccel, Zsonar, Pitch, 12:46:26
Zaccel, Zsonar, Pitch, 12:46:26
Zaccel, Zsonar, Pitch, 12:46:26
Zaccel, Zsonar, Pitch, 12:46:26
Zaccel, Zsonar, Pitch, 12:46:26
Zaccel, Zsonar, Pitch, 12:46:26
Zaccel, Zsonar, Pitch, 12:46:26
Zaccel, Zsonar, Pitch, 12:46:26
Zaccel, Zsonar, Pitch, 12:46:26
Zaccel, Zsonar, Pitch, 12:46:26
Zaccel, Zsonar, Pitch, 12:46:26
Zaccel, Zsonar, Pitch, 12:46:26
Zaccel, Zsonar, Pitch, 12:46:26
Zaccel, Zsonar, Pitch, 12:46:26
Zaccel, Zsonar, Pitch, 12:46:26
Zaccel, Zsonar, Pitch, 12:46:26
Zaccel, Zsonar, Pitch, 12:46:26
Zaccel, Zsonar, Pitch, 12:46:26
Zaccel, Zsonar, Pitch, 12:46:26
Zaccel, Zsonar, Pitch, 12:46:26
Zaccel, Zsonar, Pitch, 12:46:26
Zaccel, Zsonar, Pitch, 12:46:26
Zaccel, Zsonar, Pitch, 12:46:26
Zaccel, Zsonar, Pitch, 12:46:26
Zaccel, Zsonar, Pitch, 12:46:26
Zaccel, Zsonar, Pitch, 12:46:26
Zaccel, Zsonar, Pitch, 12:46:26
Zaccel, Zsonar, Pitch, 12:46:26
Zaccel, Zsonar, Pitch, 12:46:26
Zaccel, Zsonar, Pitch, 12:46:26
Zaccel, Zsonar, Pitch, 12:46:27
Zaccel, Zsonar, Pitch, 12:46:27
Zaccel, Zsonar, Pitch, 12:46:27
Zaccel, Zsonar, Pitch, 12:46:27
Zaccel, Zsonar, Pitch, 12:46:27
Zaccel, Zsonar, Pitch, 12:46:27
Zaccel, Zsonar, Pitch, 12:46:27
Zaccel, Zsonar, Pitch, 12:46:27
Zaccel, Zsonar, Pitch, 12:46:27
Zaccel, Zsonar, Pitch, 12:46:27
Zaccel, Zsonar, Pitch, 12:46:27
Zaccel, Zsonar, Pitch, 12:46:27
Zaccel, Zsonar, Pitch, 12:46:27
Zaccel, Zsonar, Pitch, 12:46:27
Zaccel, Zsonar, Pitch, 12:46:27
Zaccel, Zsonar, Pitch, 12:46:27
Zaccel, Zsonar, Pitch, 12:46:27
Zaccel, Zsonar, Pitch, 12:46:27
Zaccel, Zsonar, Pitch, 12:46:27
Zaccel, Zsonar, Pitch, 12:46:27
Zaccel, Zsonar, Pitch, 12:46:27
Zaccel, Zsonar, Pitch, 12:46:27
Zaccel, Zsonar, Pitch, 12:46:27
Zaccel, Zsonar, Pitch, 12:46:27
Zaccel, Zsonar, Pitch, 12:46:27
Zaccel, Zsonar, Pitch, 12:46:27
Zaccel, Zsonar, Pitch, 12:46:27
Zaccel, Zsonar, Pitch, 12:46:27
Zaccel, Zsonar, Pitch, 12:46:27
Zaccel, Zsonar, Pitch, 12:46:27
Zaccel, Zsonar, Pitch, 12:46:28
Zaccel, Zsonar, Pitch, 12:46:28
Zaccel, Zsonar, Pitch, 12:46:28
Zaccel, Zsonar, Pitch, 12:46:28
Zaccel, Zsonar, Pitch, 12:46:28
Zaccel, Zsonar, Pitch, 12:46:28
Zaccel, Zsonar, Pitch, 12:46:28
Zaccel, Zsonar, Pitch, 12:46:28
Zaccel, Zsonar, Pitch, 12:46:28
Zaccel, Zsonar, Pitch, 12:46:28
Zaccel, Zsonar, Pitch, 12:46:28
Zaccel, Zsonar, Pitch, 12:46:28
Zaccel, Zsonar, Pitch, 12:46:28
Zaccel, Zsonar, Pitch, 12:46:28
Zaccel, Zsonar, Pitch, 12:46:28
Zaccel, Zsonar, Pitch, 12:46:28
Zaccel, Zsonar, Pitch, 12:46:28
Zaccel, Zsonar, Pitch, 12:46:28
Zaccel, Zsonar, Pitch, 12:46:28
Zaccel, Zsonar, Pitch, 12:46:28
Zaccel, Zsonar, Pitch, 12:46:28
Zaccel, Zsonar, Pitch, 12:46:28
Zaccel, Zsonar, Pitch, 12:46:28
Zaccel, Zsonar, Pitch, 12:46:28
Zaccel, Zsonar, Pitch, 12:46:28
Zaccel, Zsonar, Pitch, 12:46:28
Zaccel, Zsonar, Pitch, 12:46:28
Zaccel, Zsonar, Pitch, 12:46:28
Zaccel, Zsonar, Pitch, 12:46:28
Zaccel, Zsonar, Pitch, 12:46:28
Zaccel, Zsonar, Pitch, 12:46:29
Zaccel, Zsonar, Pitch, 12:46:29
Zaccel, Zsonar, Pitch, 12:46:29
Zaccel, Zsonar, Pitch, 12:46:29
Zaccel, Zsonar, Pitch, 12:46:29
Zaccel, Zsonar, Pitch, 12:46:29
Zaccel, Zsonar, Pitch, 12:46:29
Zaccel, Zsonar, Pitch, 12:46:29
Zaccel, Zsonar, Pitch, 12:46:29
Zaccel, Zsonar, Pitch, 12:46:29
Zaccel, Zsonar, Pitch, 12:46:29
Zaccel, Zsonar, Pitch, 12:46:29
Zaccel, Zsonar, Pitch, 12:46:29
Zaccel, Zsonar, Pitch, 12:46:29
Zaccel, Zsonar, Pitch, 12:46:29
Zaccel, Zsonar, Pitch, 12:46:29
Zaccel, Zsonar, Pitch, 12:46:29
Zaccel, Zsonar, Pitch, 12:46:29
Zaccel, Zsonar, Pitch, 12:46:29
Zaccel, Zsonar, Pitch, 12:46:29
Zaccel, Zsonar, Pitch, 12:46:29
Zaccel, Zsonar, Pitch, 12:46:29
Zaccel, Zsonar, Pitch, 12:46:29
Zaccel, Zsonar, Pitch, 12:46:29
Zaccel, Zsonar, Pitch, 12:46:29
Zaccel, Zsonar, Pitch, 12:46:29
Zaccel, Zsonar, Pitch, 12:46:29
Zaccel, Zsonar, Pitch, 12:46:29
Zaccel, Zsonar, Pitch, 12:46:29
Zaccel, Zsonar, Pitch, 12:46:29
Zaccel, Zsonar, Pitch, 12:46:30
Zaccel, Zsonar, Pitch, 12:46:30
Zaccel, Zsonar, Pitch, 12:46:30
Zaccel, Zsonar, Pitch, 12:46:30
Zaccel, Zsonar, Pitch, 12:46:30
Zaccel, Zsonar, Pitch, 12:46:30
Zaccel, Zsonar, Pitch, 12:46:30
Zaccel, Zsonar, Pitch, 12:46:30
Zaccel, Zsonar, Pitch, 12:46:30
Zaccel, Zsonar, Pitch, 12:46:30
Zaccel, Zsonar, Pitch, 12:46:30
Zaccel, Zsonar, Pitch, 12:46:30
Zaccel, Zsonar, Pitch, 12:46:30
Zaccel, Zsonar, Pitch, 12:46:30
Zaccel, Zsonar, Pitch, 12:46:30
Zaccel, Zsonar, Pitch, 12:46:30
Zaccel, Zsonar, Pitch, 12:46:30
Zaccel, Zsonar, Pitch, 12:46:30
Zaccel, Zsonar, Pitch, 12:46:30
Zaccel, Zsonar, Pitch, 12:46:30
Zaccel, Zsonar, Pitch, 12:46:30
Zaccel, Zsonar, Pitch, 12:46:30
Zaccel, Zsonar, Pitch, 12:46:30
Zaccel, Zsonar, Pitch, 12:46:30
Zaccel, Zsonar, Pitch, 12:46:30
Zaccel, Zsonar, Pitch, 12:46:30
Zaccel, Zsonar, Pitch, 12:46:30
Zaccel, Zsonar, Pitch, 12:46:30
Zaccel, Zsonar, Pitch, 12:46:30
Zaccel, Zsonar, Pitch, 12:46:30
Zaccel, Zsonar, Pitch, 12:46:31
Zaccel, Zsonar, Pitch, 12:46:31
Zaccel, Zsonar, Pitch, 12:46:31
Zaccel, Zsonar, Pitch, 12:46:31
Zaccel, Zsonar, Pitch, 12:46:31
Zaccel, Zsonar, Pitch, 12:46:31
Zaccel, Zsonar, Pitch, 12:46:31
Zaccel, Zsonar, Pitch, 12:46:31
Zaccel, Zsonar, Pitch, 12:46:31
Zaccel, Zsonar, Pitch, 12:46:31
Zaccel, Zsonar, Pitch, 12:46:31
Zaccel, Zsonar, Pitch, 12:46:31
Zaccel, Zsonar, Pitch, 12:46:31
Zaccel, Zsonar, Pitch, 12:46:31
Zaccel, Zsonar, Pitch, 12:46:31
Zaccel, Zsonar, Pitch, 12:46:31
Zaccel, Zsonar, Pitch, 12:46:31
Zaccel, Zsonar, Pitch, 12:46:31
Zaccel, Zsonar, Pitch, 12:46:31
Zaccel, Zsonar, Pitch, 12:46:31
Zaccel, Zsonar, Pitch, 12:46:31
Zaccel, Zsonar, Pitch, 12:46:31
Zaccel, Zsonar, Pitch, 12:46:31
Zaccel, Zsonar, Pitch, 12:46:31
Zaccel, Zsonar, Pitch, 12:46:31
Zaccel, Zsonar, Pitch, 12:46:31
Zaccel, Zsonar, Pitch, 12:46:31
Zaccel, Zsonar, Pitch, 12:46:31
Zaccel, Zsonar, Pitch, 12:46:32
Zaccel, Zsonar, Pitch, 12:46:32
Zaccel, Zsonar, Pitch, 12:46:32
Zaccel, Zsonar, Pitch, 12:46:32
Zaccel, Zsonar, Pitch, 12:46:32
Zaccel, Zsonar, Pitch, 12:46:32
Zaccel, Zsonar, Pitch, 12:46:32
Zaccel, Zsonar, Pitch, 12:46:32
Zaccel, Zsonar, Pitch, 12:46:32
Zaccel, Zsonar, Pitch, 12:46:32
Zaccel, Zsonar, Pitch, 12:46:32
Zaccel, Zsonar, Pitch, 12:46:32
Zaccel, Zsonar, Pitch, 12:46:32
Zaccel, Zsonar, Pitch, 12:46:32
Zaccel, Zsonar, Pitch, 12:46:32
Zaccel, Zsonar, Pitch, 12:46:32
Zaccel, Zsonar, Pitch, 12:46:32
Zaccel, Zsonar, Pitch, 12:46:32
Zaccel, Zsonar, Pitch, 12:46:32
Zaccel, Zsonar, Pitch, 12:46:32
Zaccel, Zsonar, Pitch, 12:46:32
Zaccel, Zsonar, Pitch, 12:46:32
Zaccel, Zsonar, Pitch, 12:46:32
Zaccel, Zsonar, Pitch, 12:46:32
Zaccel, Zsonar, Pitch, 12:46:32
Zaccel, Zsonar, Pitch, 12:46:32
Zaccel, Zsonar, Pitch, 12:46:32
Zaccel, Zsonar, Pitch, 12:46:32
Zaccel, Zsonar, Pitch, 12:46:32
Zaccel, Zsonar, Pitch, 12:46:32
Zaccel, Zsonar, Pitch, 12:46:33
Zaccel, Zsonar, Pitch, 12:46:33
Zaccel, Zsonar, Pitch, 12:46:33
Zaccel, Zsonar, Pitch, 12:46:33
Zaccel, Zsonar, Pitch, 12:46:33
Zaccel, Zsonar, Pitch, 12:46:33
Zaccel, Zsonar, Pitch, 12:46:33
Zaccel, Zsonar, Pitch, 12:46:33
Zaccel, Zsonar, Pitch, 12:46:33
Zaccel, Zsonar, Pitch, 12:46:33
Zaccel, Zsonar, Pitch, 12:46:33
Zaccel, Zsonar, Pitch, 12:46:33
Zaccel, Zsonar, Pitch, 12:46:33
Zaccel, Zsonar, Pitch, 12:46:33
Zaccel, Zsonar, Pitch, 12:46:33
Zaccel, Zsonar, Pitch, 12:46:33
Zaccel, Zsonar, Pitch, 12:46:33
Zaccel, Zsonar, Pitch, 12:46:33
Zaccel, Zsonar, Pitch, 12:46:33
Zaccel, Zsonar, Pitch, 12:46:33
Zaccel, Zsonar, Pitch, 12:46:33
Zaccel, Zsonar, Pitch, 12:46:33
Zaccel, Zsonar, Pitch, 12:46:33
Zaccel, Zsonar, Pitch, 12:46:33
Zaccel, Zsonar, Pitch, 12:46:33
Zaccel, Zsonar, Pitch, 12:46:33
Zaccel, Zsonar, Pitch, 12:46:33
Zaccel, Zsonar, Pitch, 12:46:33
Zaccel, Zsonar, Pitch, 12:46:33
Zaccel, Zsonar, Pitch, 12:46:33
Zaccel, Zsonar, Pitch, 12:46:34
Zaccel, Zsonar, Pitch, 12:46:34
Zaccel, Zsonar, Pitch, 12:46:34
Zaccel, Zsonar, Pitch, 12:46:34
Zaccel, Zsonar, Pitch, 12:46:34
Zaccel, Zsonar, Pitch, 12:46:34
Zaccel, Zsonar, Pitch, 12:46:34
Zaccel, Zsonar, Pitch, 12:46:34
Zaccel, Zsonar, Pitch, 12:46:34
Zaccel, Zsonar, Pitch, 12:46:34
Zaccel, Zsonar, Pitch, 12:46:34
Zaccel, Zsonar, Pitch, 12:46:34
Zaccel, Zsonar, Pitch, 12:46:34
Zaccel, Zsonar, Pitch, 12:46:34
Zaccel, Zsonar, Pitch, 12:46:34
Zaccel, Zsonar, Pitch, 12:46:34
Zaccel, Zsonar, Pitch, 12:46:34
Zaccel, Zsonar, Pitch, 12:46:34
Zaccel, Zsonar, Pitch, 12:46:34
Zaccel, Zsonar, Pitch, 12:46:34
Zaccel, Zsonar, Pitch, 12:46:34
Zaccel, Zsonar, Pitch, 12:46:34
Zaccel, Zsonar, Pitch, 12:46:34
Zaccel, Zsonar, Pitch, 12:46:34
Zaccel, Zsonar, Pitch, 12:46:34
Zaccel, Zsonar, Pitch, 12:46:34
Zaccel, Zsonar, Pitch, 12:46:34
Zaccel, Zsonar, Pitch, 12:46:34
Zaccel, Zsonar, Pitch, 12:46:34
Zaccel, Zsonar, Pitch, 12:46:34
Zaccel, Zsonar, Pitch, 12:46:35
Zaccel, Zsonar, Pitch, 12:46:35
Zaccel, Zsonar, Pitch, 12:46:35
Zaccel, Zsonar, Pitch, 12:46:35
Zaccel, Zsonar, Pitch, 12:46:35
Zaccel, Zsonar, Pitch, 12:46:35
Zaccel, Zsonar, Pitch, 12:46:35
Zaccel, Zsonar, Pitch, 12:46:35
Zaccel, Zsonar, Pitch, 12:46:35
Zaccel, Zsonar, Pitch, 12:46:35
Zaccel, Zsonar, Pitch, 12:46:35
Zaccel, Zsonar, Pitch, 12:46:35
Zaccel, Zsonar, Pitch, 12:46:35
Zaccel, Zsonar, Pitch, 12:46:35
Zaccel, Zsonar, Pitch, 12:46:35
Zaccel, Zsonar, Pitch, 12:46:35
Zaccel, Zsonar, Pitch, 12:46:35
Zaccel, Zsonar, Pitch, 12:46:35
Zaccel, Zsonar, Pitch, 12:46:35
Zaccel, Zsonar, Pitch, 12:46:35
Zaccel, Zsonar, Pitch, 12:46:35
Zaccel, Zsonar, Pitch, 12:46:35
Zaccel, Zsonar, Pitch, 12:46:35
Zaccel, Zsonar, Pitch, 12:46:35
Zaccel, Zsonar, Pitch, 12:46:35
Zaccel, Zsonar, Pitch, 12:46:35
Zaccel, Zsonar, Pitch, 12:46:35
Zaccel, Zsonar, Pitch, 12:46:35
Zaccel, Zsonar, Pitch, 12:46:35
Zaccel, Zsonar, Pitch, 12:46:35
Zaccel, Zsonar, Pitch, 12:46:36
Zaccel, Zsonar, Pitch, 12:46:36
Zaccel, Zsonar, Pitch, 12:46:36
Zaccel, Zsonar, Pitch, 12:46:36
Zaccel, Zsonar, Pitch, 12:46:36
Zaccel, Zsonar, Pitch, 12:46:36
Zaccel, Zsonar, Pitch, 12:46:36
Zaccel, Zsonar, Pitch, 12:46:36
Zaccel, Zsonar, Pitch, 12:46:36
Zaccel, Zsonar, Pitch, 12:46:36
Zaccel, Zsonar, Pitch, 12:46:36
Zaccel, Zsonar, Pitch, 12:46:36
Zaccel, Zsonar, Pitch, 12:46:36
Zaccel, Zsonar, Pitch, 12:46:36
Zaccel, Zsonar, Pitch, 12:46:36
Zaccel, Zsonar, Pitch, 12:46:36
Zaccel, Zsonar, Pitch, 12:46:36
Zaccel, Zsonar, Pitch, 12:46:36
Zaccel, Zsonar, Pitch, 12:46:36
Zaccel, Zsonar, Pitch, 12:46:36
Zaccel, Zsonar, Pitch, 12:46:36
Zaccel, Zsonar, Pitch, 12:46:36
Zaccel, Zsonar, Pitch, 12:46:36
Zaccel, Zsonar, Pitch, 12:46:36
Zaccel, Zsonar, Pitch, 12:46:36
Zaccel, Zsonar, Pitch, 12:46:36
Zaccel, Zsonar, Pitch, 12:46:36
Zaccel, Zsonar, Pitch, 12:46:36
Zaccel, Zsonar, Pitch, 12:46:36
Zaccel, Zsonar, Pitch, 12:46:36
Zaccel, Zsonar, Pitch, 12:46:37
Zaccel, Zsonar, Pitch, 12:46:37
Zaccel, Zsonar, Pitch, 12:46:37
Zaccel, Zsonar, Pitch, 12:46:37
Zaccel, Zsonar, Pitch, 12:46:37
Zaccel, Zsonar, Pitch, 12:46:37
Zaccel, Zsonar, Pitch, 12:46:37
Zaccel, Zsonar, Pitch, 12:46:37
Zaccel, Zsonar, Pitch, 12:46:37
Zaccel, Zsonar, Pitch, 12:46:37
Zaccel, Zsonar, Pitch, 12:46:37
Zaccel, Zsonar, Pitch, 12:46:37
Zaccel, Zsonar, Pitch, 12:46:37
Zaccel, Zsonar, Pitch, 12:46:37
Zaccel, Zsonar, Pitch, 12:46:37
Zaccel, Zsonar, Pitch, 12:46:37
Zaccel, Zsonar, Pitch, 12:46:37
Zaccel, Zsonar, Pitch, 12:46:37
Zaccel, Zsonar, Pitch, 12:46:37
Zaccel, Zsonar, Pitch, 12:46:37
Zaccel, Zsonar, Pitch, 12:46:37
Zaccel, Zsonar, Pitch, 12:46:37
Zaccel, Zsonar, Pitch, 12:46:37
Zaccel, Zsonar, Pitch, 12:46:37
Zaccel, Zsonar, Pitch, 12:46:37
Zaccel, Zsonar, Pitch, 12:46:37
Zaccel, Zsonar, Pitch, 12:46:37
Zaccel, Zsonar, Pitch, 12:46:37
Zaccel, Zsonar, Pitch, 12:46:37
Zaccel, Zsonar, Pitch, 12:46:37
Zaccel, Zsonar, Pitch, 12:46:38
Zaccel, Zsonar, Pitch, 12:46:38
Zaccel, Zsonar, Pitch, 12:46:38
Zaccel, Zsonar, Pitch, 12:46:38
Zaccel, Zsonar, Pitch, 12:46:38
Zaccel, Zsonar, Pitch, 12:46:38
Zaccel, Zsonar, Pitch, 12:46:38
Zaccel, Zsonar, Pitch, 12:46:38
Zaccel, Zsonar, Pitch, 12:46:38
Zaccel, Zsonar, Pitch, 12:46:38
Zaccel, Zsonar, Pitch, 12:46:38
Zaccel, Zsonar, Pitch, 12:46:38
Zaccel, Zsonar, Pitch, 12:46:38
Zaccel, Zsonar, Pitch, 12:46:38
Zaccel, Zsonar, Pitch, 12:46:38
Zaccel, Zsonar, Pitch, 12:46:38
Zaccel, Zsonar, Pitch, 12:46:38
Zaccel, Zsonar, Pitch, 12:46:38
Zaccel, Zsonar, Pitch, 12:46:38
Zaccel, Zsonar, Pitch, 12:46:38
Zaccel, Zsonar, Pitch, 12:46:38
Zaccel, Zsonar, Pitch, 12:46:38
Zaccel, Zsonar, Pitch, 12:46:38
Zaccel, Zsonar, Pitch, 12:46:38
Zaccel, Zsonar, Pitch, 12:46:38
Zaccel, Zsonar, Pitch, 12:46:38
Zaccel, Zsonar, Pitch, 12:46:38
Zaccel, Zsonar, Pitch, 12:46:38
Zaccel, Zsonar, Pitch, 12:46:38
Zaccel, Zsonar, Pitch, 12:46:39
Zaccel, Zsonar, Pitch, 12:46:39
Zaccel, Zsonar, Pitch, 12:46:39
Zaccel, Zsonar, Pitch, 12:46:39
Zaccel, Zsonar, Pitch, 12:46:39
Zaccel, Zsonar, Pitch, 12:46:39
Zaccel, Zsonar, Pitch, 12:46:39
Zaccel, Zsonar, Pitch, 12:46:39
Zaccel, Zsonar, Pitch, 12:46:39
Zaccel, Zsonar, Pitch, 12:46:39
Zaccel, Zsonar, Pitch, 12:46:39
Zaccel, Zsonar, Pitch, 12:46:39
Zaccel, Zsonar, Pitch, 12:46:39
Zaccel, Zsonar, Pitch, 12:46:39
Zaccel, Zsonar, Pitch, 12:46:39
Zaccel, Zsonar, Pitch, 12:46:39
Zaccel, Zsonar, Pitch, 12:46:39
Zaccel, Zsonar, Pitch, 12:46:39
Zaccel, Zsonar, Pitch, 12:46:39
Zaccel, Zsonar, Pitch, 12:46:39
Zaccel, Zsonar, Pitch, 12:46:39
Zaccel, Zsonar, Pitch, 12:46:39
Zaccel, Zsonar, Pitch, 12:46:39
Zaccel, Zsonar, Pitch, 12:46:39
Zaccel, Zsonar, Pitch, 12:46:39
Zaccel, Zsonar, Pitch, 12:46:39
Zaccel, Zsonar, Pitch, 12:46:39
Zaccel, Zsonar, Pitch, 12:46:39
Zaccel, Zsonar, Pitch, 12:46:39
Zaccel, Zsonar, Pitch, 12:46:39
Zaccel, Zsonar, Pitch, 12:46:40
Zaccel, Zsonar, Pitch, 12:46:40
Zaccel, Zsonar, Pitch, 12:46:40
Zaccel, Zsonar, Pitch, 12:46:40
Zaccel, Zsonar, Pitch, 12:46:40
Zaccel, Zsonar, Pitch, 12:46:40
Zaccel, Zsonar, Pitch, 12:46:40
Zaccel, Zsonar, Pitch, 12:46:40
Zaccel, Zsonar, Pitch, 12:46:40
Zaccel, Zsonar, Pitch, 12:46:40
Zaccel, Zsonar, Pitch, 12:46:40
Zaccel, Zsonar, Pitch, 12:46:40
Zaccel, Zsonar, Pitch, 12:46:40
Zaccel, Zsonar, Pitch, 12:46:40
Zaccel, Zsonar, Pitch, 12:46:40
Zaccel, Zsonar, Pitch, 12:46:40
Zaccel, Zsonar, Pitch, 12:46:40
Zaccel, Zsonar, Pitch, 12:46:40
Zaccel, Zsonar, Pitch, 12:46:40
Zaccel, Zsonar, Pitch, 12:46:40
Zaccel, Zsonar, Pitch, 12:46:40
Zaccel, Zsonar, Pitch, 12:46:40
Zaccel, Zsonar, Pitch, 12:46:40
Zaccel, Zsonar, Pitch, 12:46:40
Zaccel, Zsonar, Pitch, 12:46:40
Zaccel, Zsonar, Pitch, 12:46:40
Zaccel, Zsonar, Pitch, 12:46:40
Zaccel, Zsonar, Pitch, 12:46:40
Zaccel, Zsonar, Pitch, 12:46:40
Zaccel, Zsonar, Pitch, 12:46:40
Zaccel, Zsonar, Pitch, 12:46:41
Zaccel, Zsonar, Pitch, 12:46:41
Zaccel, Zsonar, Pitch, 12:46:41
Zaccel, Zsonar, Pitch, 12:46:41
Zaccel, Zsonar, Pitch, 12:46:41
Zaccel, Zsonar, Pitch, 12:46:41
Zaccel, Zsonar, Pitch, 12:46:41
Zaccel, Zsonar, Pitch, 12:46:41
Zaccel, Zsonar, Pitch, 12:46:41
Zaccel, Zsonar, Pitch, 12:46:41
Zaccel, Zsonar, Pitch, 12:46:41
Zaccel, Zsonar, Pitch, 12:46:41
Zaccel, Zsonar, Pitch, 12:46:41
Zaccel, Zsonar, Pitch, 12:46:41
Zaccel, Zsonar, Pitch, 12:46:41
Zaccel, Zsonar, Pitch, 12:46:41
Zaccel, Zsonar, Pitch, 12:46:41
Zaccel, Zsonar, Pitch, 12:46:41
Zaccel, Zsonar, Pitch, 12:46:41
Zaccel, Zsonar, Pitch, 12:46:41
Zaccel, Zsonar, Pitch, 12:46:41
Zaccel, Zsonar, Pitch, 12:46:41
Zaccel, Zsonar, Pitch, 12:46:41
Zaccel, Zsonar, Pitch, 12:46:41
Zaccel, Zsonar, Pitch, 12:46:41
Zaccel, Zsonar, Pitch, 12:46:41
Zaccel, Zsonar, Pitch, 12:46:41
Zaccel, Zsonar, Pitch, 12:46:41
Zaccel, Zsonar, Pitch, 12:46:41
Zaccel, Zsonar, Pitch, 12:46:41
Zaccel, Zsonar, Pitch, 12:46:42
Zaccel, Zsonar, Pitch, 12:46:42
Zaccel, Zsonar, Pitch, 12:46:42
Zaccel, Zsonar, Pitch, 12:46:42
Zaccel, Zsonar, Pitch, 12:46:42
Zaccel, Zsonar, Pitch, 12:46:42
Zaccel, Zsonar, Pitch, 12:46:42
Zaccel, Zsonar, Pitch, 12:46:42
Zaccel, Zsonar, Pitch, 12:46:42
Zaccel, Zsonar, Pitch, 12:46:42
Zaccel, Zsonar, Pitch, 12:46:42
Zaccel, Zsonar, Pitch, 12:46:42
Zaccel, Zsonar, Pitch, 12:46:42
Zaccel, Zsonar, Pitch, 12:46:42
Zaccel, Zsonar, Pitch, 12:46:42
Zaccel, Zsonar, Pitch, 12:46:42
Zaccel, Zsonar, Pitch, 12:46:42
Zaccel, Zsonar, Pitch, 12:46:42
Zaccel, Zsonar, Pitch, 12:46:42
Zaccel, Zsonar, Pitch, 12:46:42
Zaccel, Zsonar, Pitch, 12:46:42
Zaccel, Zsonar, Pitch, 12:46:42
Zaccel, Zsonar, Pitch, 12:46:42
Zaccel, Zsonar, Pitch, 12:46:42
Zaccel, Zsonar, Pitch, 12:46:42
Zaccel, Zsonar, Pitch, 12:46:42
Zaccel, Zsonar, Pitch, 12:46:42
Zaccel, Zsonar, Pitch, 12:46:42
Zaccel, Zsonar, Pitch, 12:46:42
Zaccel, Zsonar, Pitch, 12:46:42
Zaccel, Zsonar, Pitch, 12:46:43
Zaccel, Zsonar, Pitch, 12:46:43
Zaccel, Zsonar, Pitch, 12:46:43
Zaccel, Zsonar, Pitch, 12:46:43
Zaccel, Zsonar, Pitch, 12:46:43
Zaccel, Zsonar, Pitch, 12:46:43
Zaccel, Zsonar, Pitch, 12:46:43
Zaccel, Zsonar, Pitch, 12:46:43
Zaccel, Zsonar, Pitch, 12:46:43
Zaccel, Zsonar, Pitch, 12:46:43
Zaccel, Zsonar, Pitch, 12:46:43
Zaccel, Zsonar, Pitch, 12:46:43
Zaccel, Zsonar, Pitch, 12:46:43
Zaccel, Zsonar, Pitch, 12:46:43
Zaccel, Zsonar, Pitch, 12:46:43
Zaccel, Zsonar, Pitch, 12:46:43
Zaccel, Zsonar, Pitch, 12:46:43
Zaccel, Zsonar, Pitch, 12:46:43
Zaccel, Zsonar, Pitch, 12:46:43
Zaccel, Zsonar, Pitch, 12:46:43
Zaccel, Zsonar, Pitch, 12:46:43
Zaccel, Zsonar, Pitch, 12:46:43
Zaccel, Zsonar, Pitch, 12:46:43
Zaccel, Zsonar, Pitch, 12:46:43
Zaccel, Zsonar, Pitch, 12:46:43
Zaccel, Zsonar, Pitch, 12:46:43
Zaccel, Zsonar, Pitch, 12:46:43
Zaccel, Zsonar, Pitch, 12:46:43
Zaccel, Zsonar, Pitch, 12:46:43
Zaccel, Zsonar, Pitch, 12:46:43
Zaccel, Zsonar, Pitch, 12:46:44
Zaccel, Zsonar, Pitch, 12:46:44
Zaccel, Zsonar, Pitch, 12:46:44
Zaccel, Zsonar, Pitch, 12:46:44
Zaccel, Zsonar, Pitch, 12:46:44
Zaccel, Zsonar, Pitch, 12:46:44
Zaccel, Zsonar, Pitch, 12:46:44
Zaccel, Zsonar, Pitch, 12:46:44
Zaccel, Zsonar, Pitch, 12:46:44
Zaccel, Zsonar, Pitch, 12:46:44
Zaccel, Zsonar, Pitch, 12:46:44
Zaccel, Zsonar, Pitch, 12:46:44
Zaccel, Zsonar, Pitch, 12:46:44
Zaccel, Zsonar, Pitch, 12:46:44
Zaccel, Zsonar, Pitch, 12:46:44
Zaccel, Zsonar, Pitch, 12:46:44
Zaccel, Zsonar, Pitch, 12:46:44
Zaccel, Zsonar, Pitch, 12:46:44
Zaccel, Zsonar, Pitch, 12:46:44
Zaccel, Zsonar, Pitch, 12:46:44
Zaccel, Zsonar, Pitch, 12:46:44
Zaccel, Zsonar, Pitch, 12:46:44
Zaccel, Zsonar, Pitch, 12:46:44
Zaccel, Zsonar, Pitch, 12:46:44
Zaccel, Zsonar, Pitch, 12:46:44
Zaccel, Zsonar, Pitch, 12:46:44
Zaccel, Zsonar, Pitch, 12:46:44
Zaccel, Zsonar, Pitch, 12:46:44
Zaccel, Zsonar, Pitch, 12:46:44
Zaccel, Zsonar, Pitch, 12:46:44
Zaccel, Zsonar, Pitch, 12:46:45
Zaccel, Zsonar, Pitch, 12:46:45
Zaccel, Zsonar, Pitch, 12:46:45
Zaccel, Zsonar, Pitch, 12:46:45
Zaccel, Zsonar, Pitch, 12:46:45
Zaccel, Zsonar, Pitch, 12:46:45
Zaccel, Zsonar, Pitch, 12:46:45
Zaccel, Zsonar, Pitch, 12:46:45
Zaccel, Zsonar, Pitch, 12:46:45
Zaccel, Zsonar, Pitch, 12:46:45
Zaccel, Zsonar, Pitch, 12:46:45
Zaccel, Zsonar, Pitch, 12:46:45
Zaccel, Zsonar, Pitch, 12:46:45
Zaccel, Zsonar, Pitch, 12:46:45
Zaccel, Zsonar, Pitch, 12:46:45
Zaccel, Zsonar, Pitch, 12:46:45
Zaccel, Zsonar, Pitch, 12:46:45
Zaccel, Zsonar, Pitch, 12:46:45
Zaccel, Zsonar, Pitch, 12:46:45
Zaccel, Zsonar, Pitch, 12:46:45
Zaccel, Zsonar, Pitch, 12:46:45
Zaccel, Zsonar, Pitch, 12:46:45
Zaccel, Zsonar, Pitch, 12:46:45
Zaccel, Zsonar, Pitch, 12:46:45
Zaccel, Zsonar, Pitch, 12:46:45
Zaccel, Zsonar, Pitch, 12:46:45
Zaccel, Zsonar, Pitch, 12:46:45
Zaccel, Zsonar, Pitch, 12:46:45
Zaccel, Zsonar, Pitch, 12:46:45
Zaccel, Zsonar, Pitch, 12:46:45
Zaccel, Zsonar, Pitch, 12:46:46
Zaccel, Zsonar, Pitch, 12:46:46
Zaccel, Zsonar, Pitch, 12:46:46
Zaccel, Zsonar, Pitch, 12:46:46
Zaccel, Zsonar, Pitch, 12:46:46
Zaccel, Zsonar, Pitch, 12:46:46
Zaccel, Zsonar, Pitch, 12:46:46
Zaccel, Zsonar, Pitch, 12:46:46
Zaccel, Zsonar, Pitch, 12:46:46
Zaccel, Zsonar, Pitch, 12:46:46
Zaccel, Zsonar, Pitch, 12:46:46
Zaccel, Zsonar, Pitch, 12:46:46
Zaccel, Zsonar, Pitch, 12:46:46
Zaccel, Zsonar, Pitch, 12:46:46
Zaccel, Zsonar, Pitch, 12:46:46
Zaccel, Zsonar, Pitch, 12:46:46
Zaccel, Zsonar, Pitch, 12:46:46
Zaccel, Zsonar, Pitch, 12:46:46
Zaccel, Zsonar, Pitch, 12:46:46
Zaccel, Zsonar, Pitch, 12:46:46
Zaccel, Zsonar, Pitch, 12:46:46
Zaccel, Zsonar, Pitch, 12:46:46
Zaccel, Zsonar, Pitch, 12:46:46
Zaccel, Zsonar, Pitch, 12:46:46
Zaccel, Zsonar, Pitch, 12:46:46
Zaccel, Zsonar, Pitch, 12:46:46
Zaccel, Zsonar, Pitch, 12:46:46
Zaccel, Zsonar, Pitch, 12:46:46
Zaccel, Zsonar, Pitch, 12:46:46
Zaccel, Zsonar, Pitch, 12:46:47
Zaccel, Zsonar, Pitch, 12:46:47
Zaccel, Zsonar, Pitch, 12:46:47
Zaccel, Zsonar, Pitch, 12:46:47
Zaccel, Zsonar, Pitch, 12:46:47
Zaccel, Zsonar, Pitch, 12:46:47
Zaccel, Zsonar, Pitch, 12:46:47
Zaccel, Zsonar, Pitch, 12:46:47
Zaccel, Zsonar, Pitch, 12:46:47
Zaccel, Zsonar, Pitch, 12:46:47
Zaccel, Zsonar, Pitch, 12:46:47
Zaccel, Zsonar, Pitch, 12:46:47
Zaccel, Zsonar, Pitch, 12:46:47
Zaccel, Zsonar, Pitch, 12:46:47
Zaccel, Zsonar, Pitch, 12:46:47
Zaccel, Zsonar, Pitch, 12:46:47
Zaccel, Zsonar, Pitch, 12:46:47
Zaccel, Zsonar, Pitch, 12:46:47
Zaccel, Zsonar, Pitch, 12:46:47
Zaccel, Zsonar, Pitch, 12:46:47
Zaccel, Zsonar, Pitch, 12:46:47
Zaccel, Zsonar, Pitch, 12:46:47
Zaccel, Zsonar, Pitch, 12:46:47
Zaccel, Zsonar, Pitch, 12:46:47
Zaccel, Zsonar, Pitch, 12:46:47
Zaccel, Zsonar, Pitch, 12:46:47
Zaccel, Zsonar, Pitch, 12:46:47
Zaccel, Zsonar, Pitch, 12:46:47
Zaccel, Zsonar, Pitch, 12:46:47
Zaccel, Zsonar, Pitch, 12:46:47
Zaccel, Zsonar, Pitch, 12:46:48
Zaccel, Zsonar, Pitch, 12:46:48
Zaccel, Zsonar, Pitch, 12:46:48
Zaccel, Zsonar, Pitch, 12:46:48
Zaccel, Zsonar, Pitch, 12:46:48
Zaccel, Zsonar, Pitch, 12:46:48
Zaccel, Zsonar, Pitch, 12:46:48
Zaccel, Zsonar, Pitch, 12:46:48
Zaccel, Zsonar, Pitch, 12:46:48
Zaccel, Zsonar, Pitch, 12:46:48
Zaccel, Zsonar, Pitch, 12:46:48
Zaccel, Zsonar, Pitch, 12:46:48
Zaccel, Zsonar, Pitch, 12:46:48
Zaccel, Zsonar, Pitch, 12:46:48
Zaccel, Zsonar, Pitch, 12:46:48
Zaccel, Zsonar, Pitch, 12:46:48
Zaccel, Zsonar, Pitch, 12:46:48
Zaccel, Zsonar, Pitch, 12:46:48
Zaccel, Zsonar, Pitch, 12:46:48
Zaccel, Zsonar, Pitch, 12:46:48
Zaccel, Zsonar, Pitch, 12:46:48
Zaccel, Zsonar, Pitch, 12:46:48
Zaccel, Zsonar, Pitch, 12:46:48
Zaccel, Zsonar, Pitch, 12:46:48
Zaccel, Zsonar, Pitch, 12:46:48
Zaccel, Zsonar, Pitch, 12:46:48
Zaccel, Zsonar, Pitch, 12:46:48
Zaccel, Zsonar, Pitch, 12:46:48
Zaccel, Zsonar, Pitch, 12:46:48
Zaccel, Zsonar, Pitch, 12:46:48
Zaccel, Zsonar, Pitch, 12:46:49
Zaccel, Zsonar, Pitch, 12:46:49
Zaccel, Zsonar, Pitch, 12:46:49
Zaccel, Zsonar, Pitch, 12:46:49
Zaccel, Zsonar, Pitch, 12:46:49
Zaccel, Zsonar, Pitch, 12:46:49
Zaccel, Zsonar, Pitch, 12:46:49
Zaccel, Zsonar, Pitch, 12:46:49
Zaccel, Zsonar, Pitch, 12:46:49
Zaccel, Zsonar, Pitch, 12:46:49
Zaccel, Zsonar, Pitch, 12:46:49
Zaccel, Zsonar, Pitch, 12:46:49
Zaccel, Zsonar, Pitch, 12:46:49
Zaccel, Zsonar, Pitch, 12:46:49
Zaccel, Zsonar, Pitch, 12:46:49
Zaccel, Zsonar, Pitch, 12:46:49
Zaccel, Zsonar, Pitch, 12:46:49
Zaccel, Zsonar, Pitch, 12:46:49
Zaccel, Zsonar, Pitch, 12:46:49
Zaccel, Zsonar, Pitch, 12:46:49
Zaccel, Zsonar, Pitch, 12:46:49
Zaccel, Zsonar, Pitch, 12:46:49
Zaccel, Zsonar, Pitch, 12:46:49
Zaccel, Zsonar, Pitch, 12:46:49
Zaccel, Zsonar, Pitch, 12:46:49
Zaccel, Zsonar, Pitch, 12:46:49
Zaccel, Zsonar, Pitch, 12:46:49
Zaccel, Zsonar, Pitch, 12:46:49
Zaccel, Zsonar, Pitch, 12:46:49
Zaccel, Zsonar, Pitch, 12:46:49
Zaccel, Zsonar, Pitch, 12:46:50
Zaccel, Zsonar, Pitch, 12:46:50
Zaccel, Zsonar, Pitch, 12:46:50
Zaccel, Zsonar, Pitch, 12:46:50
Zaccel, Zsonar, Pitch, 12:46:50
Zaccel, Zsonar, Pitch, 12:46:50
Zaccel, Zsonar, Pitch, 12:46:50
Zaccel, Zsonar, Pitch, 12:46:50
Zaccel, Zsonar, Pitch, 12:46:50
Zaccel, Zsonar, Pitch, 12:46:50
Zaccel, Zsonar, Pitch, 12:46:50
Zaccel, Zsonar, Pitch, 12:46:50
Zaccel, Zsonar, Pitch, 12:46:50
Zaccel, Zsonar, Pitch, 12:46:50
Zaccel, Zsonar, Pitch, 12:46:50
Zaccel, Zsonar, Pitch, 12:46:50
Zaccel, Zsonar, Pitch, 12:46:50
Zaccel, Zsonar, Pitch, 12:46:50
Zaccel, Zsonar, Pitch, 12:46:50
Zaccel, Zsonar, Pitch, 12:46:50
Zaccel, Zsonar, Pitch, 12:46:50
Zaccel, Zsonar, Pitch, 12:46:50
Zaccel, Zsonar, Pitch, 12:46:50
Zaccel, Zsonar, Pitch, 12:46:50
Zaccel, Zsonar, Pitch, 12:46:50
Zaccel, Zsonar, Pitch, 12:46:50
Zaccel, Zsonar, Pitch, 12:46:50
Zaccel, Zsonar, Pitch, 12:46:50
Zaccel, Zsonar, Pitch, 12:46:50
Zaccel, Zsonar, Pitch, 12:46:50
Zaccel, Zsonar, Pitch, 12:46:51
Zaccel, Zsonar, Pitch, 12:46:51
Zaccel, Zsonar, Pitch, 12:46:51
Zaccel, Zsonar, Pitch, 12:46:51
Zaccel, Zsonar, Pitch, 12:46:51
Zaccel, Zsonar, Pitch, 12:46:51
Zaccel, Zsonar, Pitch, 12:46:51
Zaccel, Zsonar, Pitch, 12:46:51
Zaccel, Zsonar, Pitch, 12:46:51
Zaccel, Zsonar, Pitch, 12:46:51
Zaccel, Zsonar, Pitch, 12:46:51
Zaccel, Zsonar, Pitch, 12:46:51
Zaccel, Zsonar, Pitch, 12:46:51
Zaccel, Zsonar, Pitch, 12:46:51
Zaccel, Zsonar, Pitch, 12:46:51
Zaccel, Zsonar, Pitch, 12:46:51
Zaccel, Zsonar, Pitch, 12:46:51
Zaccel, Zsonar, Pitch, 12:46:51
Zaccel, Zsonar, Pitch, 12:46:51
Zaccel, Zsonar, Pitch, 12:46:51
Zaccel, Zsonar, Pitch, 12:46:51
Zaccel, Zsonar, Pitch, 12:46:51
Zaccel, Zsonar, Pitch, 12:46:51
Zaccel, Zsonar, Pitch, 12:46:51
Zaccel, Zsonar, Pitch, 12:46:51
Zaccel, Zsonar, Pitch, 12:46:51
Zaccel, Zsonar, Pitch, 12:46:51
Zaccel, Zsonar, Pitch, 12:46:51
Zaccel, Zsonar, Pitch, 12:46:51
Zaccel, Zsonar, Pitch, 12:46:52
Zaccel, Zsonar, Pitch, 12:46:52
Zaccel, Zsonar, Pitch, 12:46:52
Zaccel, Zsonar, Pitch, 12:46:52
Zaccel, Zsonar, Pitch, 12:46:52
Zaccel, Zsonar, Pitch, 12:46:52
Zaccel, Zsonar, Pitch, 12:46:52
Zaccel, Zsonar, Pitch, 12:46:52
Zaccel, Zsonar, Pitch, 12:46:52
Zaccel, Zsonar, Pitch, 12:46:52
Zaccel, Zsonar, Pitch, 12:46:52
Zaccel, Zsonar, Pitch, 12:46:52
Zaccel, Zsonar, Pitch, 12:46:52
Zaccel, Zsonar, Pitch, 12:46:52
Zaccel, Zsonar, Pitch, 12:46:52
Zaccel, Zsonar, Pitch, 12:46:52
Zaccel, Zsonar, Pitch, 12:46:52
Zaccel, Zsonar, Pitch, 12:46:52
Zaccel, Zsonar, Pitch, 12:46:52
Zaccel, Zsonar, Pitch, 12:46:52
Zaccel, Zsonar, Pitch, 12:46:52
Zaccel, Zsonar, Pitch, 12:46:52
Zaccel, Zsonar, Pitch, 12:46:52
Zaccel, Zsonar, Pitch, 12:46:52
Zaccel, Zsonar, Pitch, 12:46:52
Zaccel, Zsonar, Pitch, 12:46:52
Zaccel, Zsonar, Pitch, 12:46:52
Zaccel, Zsonar, Pitch, 12:46:52
Zaccel, Zsonar, Pitch, 12:46:52
Zaccel, Zsonar, Pitch, 12:46:52
Zaccel, Zsonar, Pitch, 12:46:53
Zaccel, Zsonar, Pitch, 12:46:53
Zaccel, Zsonar, Pitch, 12:46:53
Zaccel, Zsonar, Pitch, 12:46:53
Zaccel, Zsonar, Pitch, 12:46:53
Zaccel, Zsonar, Pitch, 12:46:53
Zaccel, Zsonar, Pitch, 12:46:53
Zaccel, Zsonar, Pitch, 12:46:53
Zaccel, Zsonar, Pitch, 12:46:53
Zaccel, Zsonar, Pitch, 12:46:53
Zaccel, Zsonar, Pitch, 12:46:53
Zaccel, Zsonar, Pitch, 12:46:53
Zaccel, Zsonar, Pitch, 12:46:53
Zaccel, Zsonar, Pitch, 12:46:53
Zaccel, Zsonar, Pitch, 12:46:53
Zaccel, Zsonar, Pitch, 12:46:53
Zaccel, Zsonar, Pitch, 12:46:53
Zaccel, Zsonar, Pitch, 12:46:53
Zaccel, Zsonar, Pitch, 12:46:53
Zaccel, Zsonar, Pitch, 12:46:53
Zaccel, Zsonar, Pitch, 12:46:53
Zaccel, Zsonar, Pitch, 12:46:53
Zaccel, Zsonar, Pitch, 12:46:53
Zaccel, Zsonar, Pitch, 12:46:53
Zaccel, Zsonar, Pitch, 12:46:53
Zaccel, Zsonar, Pitch, 12:46:53
Zaccel, Zsonar, Pitch, 12:46:53
Zaccel, Zsonar, Pitch, 12:46:53
Zaccel, Zsonar, Pitch, 12:46:53
Zaccel, Zsonar, Pitch, 12:46:53
Zaccel, Zsonar, Pitch, 12:46:54
Zaccel, Zsonar, Pitch, 12:46:54
Zaccel, Zsonar, Pitch, 12:46:54
Zaccel, Zsonar, Pitch, 12:46:54
Zaccel, Zsonar, Pitch, 12:46:54
Zaccel, Zsonar, Pitch, 12:46:54
Zaccel, Zsonar, Pitch, 12:46:54
Zaccel, Zsonar, Pitch, 12:46:54
Zaccel, Zsonar, Pitch, 12:46:54
Zaccel, Zsonar, Pitch, 12:46:54
Zaccel, Zsonar, Pitch, 12:46:54
Zaccel, Zsonar, Pitch, 12:46:54
Zaccel, Zsonar, Pitch, 12:46:54
Zaccel, Zsonar, Pitch, 12:46:54
Zaccel, Zsonar, Pitch, 12:46:54
Zaccel, Zsonar, Pitch, 12:46:54
Zaccel, Zsonar, Pitch, 12:46:54
Zaccel, Zsonar, Pitch, 12:46:54
Zaccel, Zsonar, Pitch, 12:46:54
Zaccel, Zsonar, Pitch, 12:46:54
Zaccel, Zsonar, Pitch, 12:46:54
Zaccel, Zsonar, Pitch, 12:46:54
Zaccel, Zsonar, Pitch, 12:46:54
Zaccel, Zsonar, Pitch, 12:46:54
Zaccel, Zsonar, Pitch, 12:46:54
Zaccel, Zsonar, Pitch, 12:46:54
Zaccel, Zsonar, Pitch, 12:46:54
Zaccel, Zsonar, Pitch, 12:46:54
Zaccel, Zsonar, Pitch, 12:46:54
Zaccel, Zsonar, Pitch, 12:46:54
Zaccel, Zsonar, Pitch, 12:46:55
Zaccel, Zsonar, Pitch, 12:46:55
Zaccel, Zsonar, Pitch, 12:46:55
Zaccel, Zsonar, Pitch, 12:46:55
Zaccel, Zsonar, Pitch, 12:46:55
Zaccel, Zsonar, Pitch, 12:46:55
Zaccel, Zsonar, Pitch, 12:46:55
Zaccel, Zsonar, Pitch, 12:46:55
Zaccel, Zsonar, Pitch, 12:46:55
Zaccel, Zsonar, Pitch, 12:46:55
Zaccel, Zsonar, Pitch, 12:46:55
Zaccel, Zsonar, Pitch, 12:46:55
Zaccel, Zsonar, Pitch, 12:46:55
Zaccel, Zsonar, Pitch, 12:46:55
Zaccel, Zsonar, Pitch, 12:46:55
Zaccel, Zsonar, Pitch, 12:46:55
Zaccel, Zsonar, Pitch, 12:46:55
Zaccel, Zsonar, Pitch, 12:46:55
Zaccel, Zsonar, Pitch, 12:46:55
Zaccel, Zsonar, Pitch, 12:46:55
Zaccel, Zsonar, Pitch, 12:46:55
Zaccel, Zsonar, Pitch, 12:46:55
Zaccel, Zsonar, Pitch, 12:46:55
Zaccel, Zsonar, Pitch, 12:46:55
Zaccel, Zsonar, Pitch, 12:46:55
Zaccel, Zsonar, Pitch, 12:46:55
Zaccel, Zsonar, Pitch, 12:46:55
Zaccel, Zsonar, Pitch, 12:46:55
Zaccel, Zsonar, Pitch, 12:46:55
Zaccel, Zsonar, Pitch, 12:46:55
Zaccel, Zsonar, Pitch, 12:46:56
Zaccel, Zsonar, Pitch, 12:46:56
Zaccel, Zsonar, Pitch, 12:46:56
Zaccel, Zsonar, Pitch, 12:46:56
Zaccel, Zsonar, Pitch, 12:46:56
Zaccel, Zsonar, Pitch, 12:46:56
Zaccel, Zsonar, Pitch, 12:46:56
Zaccel, Zsonar, Pitch, 12:46:56
Zaccel, Zsonar, Pitch, 12:46:56
Zaccel, Zsonar, Pitch, 12:46:56
Zaccel, Zsonar, Pitch, 12:46:56
Zaccel, Zsonar, Pitch, 12:46:56
Zaccel, Zsonar, Pitch, 12:46:56
Zaccel, Zsonar, Pitch, 12:46:56
Zaccel, Zsonar, Pitch, 12:46:56
Zaccel, Zsonar, Pitch, 12:46:56
Zaccel, Zsonar, Pitch, 12:46:56
Zaccel, Zsonar, Pitch, 12:46:56
Zaccel, Zsonar, Pitch, 12:46:56
Zaccel, Zsonar, Pitch, 12:46:56
Zaccel, Zsonar, Pitch, 12:46:56
Zaccel, Zsonar, Pitch, 12:46:56
Zaccel, Zsonar, Pitch, 12:46:56
Zaccel, Zsonar, Pitch, 12:46:56
Zaccel, Zsonar, Pitch, 12:46:56
Zaccel, Zsonar, Pitch, 12:46:56
Zaccel, Zsonar, Pitch, 12:46:56
Zaccel, Zsonar, Pitch, 12:46:56
Zaccel, Zsonar, Pitch, 12:46:56
Zaccel, Zsonar, Pitch, 12:46:56
Zaccel, Zsonar, Pitch, 12:46:57
Zaccel, Zsonar, Pitch, 12:46:57
Zaccel, Zsonar, Pitch, 12:46:57
Zaccel, Zsonar, Pitch, 12:46:57
Zaccel, Zsonar, Pitch, 12:46:57
Zaccel, Zsonar, Pitch, 12:46:57
Zaccel, Zsonar, Pitch, 12:46:57
Zaccel, Zsonar, Pitch, 12:46:57
Zaccel, Zsonar, Pitch, 12:46:57
Zaccel, Zsonar, Pitch, 12:46:57
Zaccel, Zsonar, Pitch, 12:46:57
Zaccel, Zsonar, Pitch, 12:46:57
Zaccel, Zsonar, Pitch, 12:46:57
Zaccel, Zsonar, Pitch, 12:46:57
Zaccel, Zsonar, Pitch, 12:46:57
Zaccel, Zsonar, Pitch, 12:46:57
Zaccel, Zsonar, Pitch, 12:46:57
Zaccel, Zsonar, Pitch, 12:46:57
Zaccel, Zsonar, Pitch, 12:46:57
Zaccel, Zsonar, Pitch, 12:46:57
Zaccel, Zsonar, Pitch, 12:46:57
Zaccel, Zsonar, Pitch, 12:46:57
Zaccel, Zsonar, Pitch, 12:46:57
Zaccel, Zsonar, Pitch, 12:46:57
Zaccel, Zsonar, Pitch, 12:46:57
Zaccel, Zsonar, Pitch, 12:46:57
Zaccel, Zsonar, Pitch, 12:46:57
Zaccel, Zsonar, Pitch, 12:46:57
Zaccel, Zsonar, Pitch, 12:46:57
Zaccel, Zsonar, Pitch, 12:46:57
Zaccel, Zsonar, Pitch, 12:46:58
Zaccel, Zsonar, Pitch, 12:46:58
Zaccel, Zsonar, Pitch, 12:46:58
Zaccel, Zsonar, Pitch, 12:46:58
Zaccel, Zsonar, Pitch, 12:46:58
Zaccel, Zsonar, Pitch, 12:46:58
Zaccel, Zsonar, Pitch, 12:46:58
Zaccel, Zsonar, Pitch, 12:46:58
Zaccel, Zsonar, Pitch, 12:46:58
Zaccel, Zsonar, Pitch, 12:46:58
Zaccel, Zsonar, Pitch, 12:46:58
Zaccel, Zsonar, Pitch, 12:46:58
Zaccel, Zsonar, Pitch, 12:46:58
Zaccel, Zsonar, Pitch, 12:46:58
Zaccel, Zsonar, Pitch, 12:46:58
Zaccel, Zsonar, Pitch, 12:46:58
Zaccel, Zsonar, Pitch, 12:46:58
Zaccel, Zsonar, Pitch, 12:46:58
Zaccel, Zsonar, Pitch, 12:46:58
Zaccel, Zsonar, Pitch, 12:46:58
Zaccel, Zsonar, Pitch, 12:46:58
Zaccel, Zsonar, Pitch, 12:46:58
Zaccel, Zsonar, Pitch, 12:46:58
Zaccel, Zsonar, Pitch, 12:46:58
Zaccel, Zsonar, Pitch, 12:46:58
Zaccel, Zsonar, Pitch, 12:46:58
Zaccel, Zsonar, Pitch, 12:46:58
Zaccel, Zsonar, Pitch, 12:46:58
Zaccel, Zsonar, Pitch, 12:46:58
Zaccel, Zsonar, Pitch, 12:46:58
Zaccel, Zsonar, Pitch, 12:46:59
Zaccel, Zsonar, Pitch, 12:46:59
Zaccel, Zsonar, Pitch, 12:46:59
Zaccel, Zsonar, Pitch, 12:46:59
Zaccel, Zsonar, Pitch, 12:46:59
Zaccel, Zsonar, Pitch, 12:46:59
Zaccel, Zsonar, Pitch, 12:46:59
Zaccel, Zsonar, Pitch, 12:46:59
Zaccel, Zsonar, Pitch, 12:46:59
Zaccel, Zsonar, Pitch, 12:46:59
Zaccel, Zsonar, Pitch, 12:46:59
Zaccel, Zsonar, Pitch, 12:46:59
Zaccel, Zsonar, Pitch, 12:46:59
Zaccel, Zsonar, Pitch, 12:46:59
Zaccel, Zsonar, Pitch, 12:46:59
Zaccel, Zsonar, Pitch, 12:46:59
Zaccel, Zsonar, Pitch, 12:46:59
Zaccel, Zsonar, Pitch, 12:46:59
Zaccel, Zsonar, Pitch, 12:46:59
Zaccel, Zsonar, Pitch, 12:46:59
Zaccel, Zsonar, Pitch, 12:46:59
Zaccel, Zsonar, Pitch, 12:46:59
Zaccel, Zsonar, Pitch, 12:46:59
Zaccel, Zsonar, Pitch, 12:46:59
Zaccel, Zsonar, Pitch, 12:46:59
Zaccel, Zsonar, Pitch, 12:46:59
Zaccel, Zsonar, Pitch, 12:46:59
Zaccel, Zsonar, Pitch, 12:46:59
Zaccel, Zsonar, Pitch, 12:46:59
Zaccel, Zsonar, Pitch, 12:46:59
Zaccel, Zsonar, Pitch, 12:47:0
Zaccel, Zsonar, Pitch, 12:47:0
Zaccel, Zsonar, Pitch, 12:47:0
Zaccel, Zsonar, Pitch, 12:47:0
Zaccel, Zsonar, Pitch, 12:47:0
Zaccel, Zsonar, Pitch, 12:47:0
Zaccel, Zsonar, Pitch, 12:47:0
Zaccel, Zsonar, Pitch, 12:47:0
Zaccel, Zsonar, Pitch, 12:47:0
Zaccel, Zsonar, Pitch, 12:47:0
Zaccel, Zsonar, Pitch, 12:47:0
Zaccel, Zsonar, Pitch, 12:47:0
Zaccel, Zsonar, Pitch, 12:47:0
Zaccel, Zsonar, Pitch, 12:47:0
Zaccel, Zsonar, Pitch, 12:47:0
Zaccel, Zsonar, Pitch, 12:47:0
Zaccel, Zsonar, Pitch, 12:47:0
Zaccel, Zsonar, Pitch, 12:47:0
Zaccel, Zsonar, Pitch, 12:47:0
Zaccel, Zsonar, Pitch, 12:47:0
Zaccel, Zsonar, Pitch, 12:47:0
Zaccel, Zsonar, Pitch, 12:47:0
Zaccel, Zsonar, Pitch, 12:47:0
Zaccel, Zsonar, Pitch, 12:47:0
Zaccel, Zsonar, Pitch, 12:47:0
Zaccel, Zsonar, Pitch, 12:47:0
Zaccel, Zsonar, Pitch, 12:47:0
Zaccel, Zsonar, Pitch, 12:47:0
Zaccel, Zsonar, Pitch, 12:47:0
Zaccel, Zsonar, Pitch, 12:47:1
Zaccel, Zsonar, Pitch, 12:47:1
Zaccel, Zsonar, Pitch, 12:47:1
Zaccel, Zsonar, Pitch, 12:47:1
Zaccel, Zsonar, Pitch, 12:47:1
Zaccel, Zsonar, Pitch, 12:47:1
Zaccel, Zsonar, Pitch, 12:47:1
Zaccel, Zsonar, Pitch, 12:47:1
Zaccel, Zsonar, Pitch, 12:47:1
Zaccel, Zsonar, Pitch, 12:47:1
Zaccel, Zsonar, Pitch, 12:47:1
Zaccel, Zsonar, Pitch, 12:47:1
Zaccel, Zsonar, Pitch, 12:47:1
Zaccel, Zsonar, Pitch, 12:47:1
Zaccel, Zsonar, Pitch, 12:47:1
Zaccel, Zsonar, Pitch, 12:47:1
Zaccel, Zsonar, Pitch, 12:47:1
Zaccel, Zsonar, Pitch, 12:47:1
Zaccel, Zsonar, Pitch, 12:47:1
Zaccel, Zsonar, Pitch, 12:47:1
Zaccel, Zsonar, Pitch, 12:47:1
Zaccel, Zsonar, Pitch, 12:47:1
Zaccel, Zsonar, Pitch, 12:47:1
Zaccel, Zsonar, Pitch, 12:47:1
Zaccel, Zsonar, Pitch, 12:47:1
Zaccel, Zsonar, Pitch, 12:47:1
Zaccel, Zsonar, Pitch, 12:47:1
Zaccel, Zsonar, Pitch, 12:47:1
Zaccel, Zsonar, Pitch, 12:47:1
Zaccel, Zsonar, Pitch, 12:47:1
Zaccel, Zsonar, Pitch, 12:47:2
Zaccel, Zsonar, Pitch, 12:47:2
Zaccel, Zsonar, Pitch, 12:47:2
Zaccel, Zsonar, Pitch, 12:47:2
Zaccel, Zsonar, Pitch, 12:47:2
Zaccel, Zsonar, Pitch, 12:47:2
Zaccel, Zsonar, Pitch, 12:47:2
Zaccel, Zsonar, Pitch, 12:47:2
Zaccel, Zsonar, Pitch, 12:47:2
Zaccel, Zsonar, Pitch, 12:47:2
Zaccel, Zsonar, Pitch, 12:47:2
Zaccel, Zsonar, Pitch, 12:47:2
Zaccel, Zsonar, Pitch, 12:47:2
Zaccel, Zsonar, Pitch, 12:47:2
Zaccel, Zsonar, Pitch, 12:47:2
Zaccel, Zsonar, Pitch, 12:47:2
Zaccel, Zsonar, Pitch, 12:47:2
Zaccel, Zsonar, Pitch, 12:47:2
Zaccel, Zsonar, Pitch, 12:47:2
Zaccel, Zsonar, Pitch, 12:47:2
Zaccel, Zsonar, Pitch, 12:47:2
Zaccel, Zsonar, Pitch, 12:47:2
Zaccel, Zsonar, Pitch, 12:47:2
Zaccel, Zsonar, Pitch, 12:47:2
Zaccel, Zsonar, Pitch, 12:47:2
Zaccel, Zsonar, Pitch, 12:47:2
Zaccel, Zsonar, Pitch, 12:47:2
Zaccel, Zsonar, Pitch, 12:47:2
Zaccel, Zsonar, Pitch, 12:47:2
Zaccel, Zsonar, Pitch, 12:47:2
Zaccel, Zsonar, Pitch, 12:47:3
Zaccel, Zsonar, Pitch, 12:47:3
Zaccel, Zsonar, Pitch, 12:47:3
Zaccel, Zsonar, Pitch, 12:47:3
Zaccel, Zsonar, Pitch, 12:47:3
Zaccel, Zsonar, Pitch, 12:47:3
Zaccel, Zsonar, Pitch, 12:47:3
Zaccel, Zsonar, Pitch, 12:47:3
Zaccel, Zsonar, Pitch, 12:47:3
Zaccel, Zsonar, Pitch, 12:47:3
Zaccel, Zsonar, Pitch, 12:47:3
Zaccel, Zsonar, Pitch, 12:47:3
Zaccel, Zsonar, Pitch, 12:47:3
Zaccel, Zsonar, Pitch, 12:47:3
Zaccel, Zsonar, Pitch, 12:47:3
Zaccel, Zsonar, Pitch, 12:47:3
Zaccel, Zsonar, Pitch, 12:47:3
Zaccel, Zsonar, Pitch, 12:47:3
Zaccel, Zsonar, Pitch, 12:47:3
Zaccel, Zsonar, Pitch, 12:47:3
Zaccel, Zsonar, Pitch, 12:47:3
Zaccel, Zsonar, Pitch, 12:47:3
Zaccel, Zsonar, Pitch, 12:47:3
Zaccel, Zsonar, Pitch, 12:47:3
Zaccel, Zsonar, Pitch, 12:47:3
Zaccel, Zsonar, Pitch, 12:47:3
Zaccel, Zsonar, Pitch, 12:47:3
Zaccel, Zsonar, Pitch, 12:47:3
Zaccel, Zsonar, Pitch, 12:47:3
Zaccel, Zsonar, Pitch, 12:47:3
Zaccel, Zsonar, Pitch, 12:47:4
Zaccel, Zsonar, Pitch, 12:47:4
Zaccel, Zsonar, Pitch, 12:47:4
Zaccel, Zsonar, Pitch, 12:47:4
Zaccel, Zsonar, Pitch, 12:47:4
Zaccel, Zsonar, Pitch, 12:47:4
Zaccel, Zsonar, Pitch, 12:47:4
Zaccel, Zsonar, Pitch, 12:47:4
Zaccel, Zsonar, Pitch, 12:47:4
Zaccel, Zsonar, Pitch, 12:47:4
Zaccel, Zsonar, Pitch, 12:47:4
Zaccel, Zsonar, Pitch, 12:47:4
Zaccel, Zsonar, Pitch, 12:47:4
Zaccel, Zsonar, Pitch, 12:47:4
Zaccel, Zsonar, Pitch, 12:47:4
Zaccel, Zsonar, Pitch, 12:47:4
Zaccel, Zsonar, Pitch, 12:47:4
Zaccel, Zsonar, Pitch, 12:47:4
Zaccel, Zsonar, Pitch, 12:47:4
Zaccel, Zsonar, Pitch, 12:47:4
Zaccel, Zsonar, Pitch, 12:47:4
Zaccel, Zsonar, Pitch, 12:47:4
Zaccel, Zsonar, Pitch, 12:47:4
Zaccel, Zsonar, Pitch, 12:47:4
Zaccel, Zsonar, Pitch, 12:47:4
Zaccel, Zsonar, Pitch, 12:47:4
Zaccel, Zsonar, Pitch, 12:47:4
Zaccel, Zsonar, Pitch, 12:47:4
Zaccel, Zsonar, Pitch, 12:47:4
Zaccel, Zsonar, Pitch, 12:47:4
Zaccel, Zsonar, Pitch, 12:47:5
Zaccel, Zsonar, Pitch, 12:47:5
Zaccel, Zsonar, Pitch, 12:47:5
Zaccel, Zsonar, Pitch, 12:47:5
Zaccel, Zsonar, Pitch, 12:47:5
Zaccel, Zsonar, Pitch, 12:47:5
Zaccel, Zsonar, Pitch, 12:47:5
Zaccel, Zsonar, Pitch, 12:47:5
Zaccel, Zsonar, Pitch, 12:47:5
Zaccel, Zsonar, Pitch, 12:47:5
Zaccel, Zsonar, Pitch, 12:47:5
Zaccel, Zsonar, Pitch, 12:47:5
Zaccel, Zsonar, Pitch, 12:47:5
Zaccel, Zsonar, Pitch, 12:47:5
Zaccel, Zsonar, Pitch, 12:47:5
Zaccel, Zsonar, Pitch, 12:47:5
Zaccel, Zsonar, Pitch, 12:47:5
Zaccel, Zsonar, Pitch, 12:47:5
Zaccel, Zsonar, Pitch, 12:47:5
Zaccel, Zsonar, Pitch, 12:47:5
Zaccel, Zsonar, Pitch, 12:47:5
Zaccel, Zsonar, Pitch, 12:47:5
Zaccel, Zsonar, Pitch, 12:47:5
Zaccel, Zsonar, Pitch, 12:47:5
Zaccel, Zsonar, Pitch, 12:47:5
Zaccel, Zsonar, Pitch, 12:47:5
Zaccel, Zsonar, Pitch, 12:47:5
Zaccel, Zsonar, Pitch, 12:47:5
Zaccel, Zsonar, Pitch, 12:47:5
Zaccel, Zsonar, Pitch, 12:47:5
Zaccel, Zsonar, Pitch, 12:47:6
Zaccel, Zsonar, Pitch, 12:47:6
Zaccel, Zsonar, Pitch, 12:47:6
Zaccel, Zsonar, Pitch, 12:47:6
Zaccel, Zsonar, Pitch, 12:47:6
Zaccel, Zsonar, Pitch, 12:47:6
Zaccel, Zsonar, Pitch, 12:47:6
Zaccel, Zsonar, Pitch, 12:47:6
Zaccel, Zsonar, Pitch, 12:47:6
Zaccel, Zsonar, Pitch, 12:47:6
Zaccel, Zsonar, Pitch, 12:47:6
Zaccel, Zsonar, Pitch, 12:47:6
Zaccel, Zsonar, Pitch, 12:47:6
Zaccel, Zsonar, Pitch, 12:47:6
Zaccel, Zsonar, Pitch, 12:47:6
Zaccel, Zsonar, Pitch, 12:47:6
Zaccel, Zsonar, Pitch, 12:47:6
Zaccel, Zsonar, Pitch, 12:47:6
Zaccel, Zsonar, Pitch, 12:47:6
Zaccel, Zsonar, Pitch, 12:47:6
Zaccel, Zsonar, Pitch, 12:47:6
Zaccel, Zsonar, Pitch, 12:47:6
Zaccel, Zsonar, Pitch, 12:47:6
Zaccel, Zsonar, Pitch, 12:47:6
Zaccel, Zsonar, Pitch, 12:47:6
Zaccel, Zsonar, Pitch, 12:47:6
Zaccel, Zsonar, Pitch, 12:47:6
Zaccel, Zsonar, Pitch, 12:47:6
Zaccel, Zsonar, Pitch, 12:47:6
Zaccel, Zsonar, Pitch, 12:47:6
Zaccel, Zsonar, Pitch, 12:47:7
Zaccel, Zsonar, Pitch, 12:47:7
Zaccel, Zsonar, Pitch, 12:47:7
Zaccel, Zsonar, Pitch, 12:47:7
Zaccel, Zsonar, Pitch, 12:47:7
Zaccel, Zsonar, Pitch, 12:47:7
Zaccel, Zsonar, Pitch, 12:47:7
Zaccel, Zsonar, Pitch, 12:47:7
Zaccel, Zsonar, Pitch, 12:47:7
Zaccel, Zsonar, Pitch, 12:47:7
Zaccel, Zsonar, Pitch, 12:47:7
Zaccel, Zsonar, Pitch, 12:47:7
Zaccel, Zsonar, Pitch, 12:47:7
Zaccel, Zsonar, Pitch, 12:47:7
Zaccel, Zsonar, Pitch, 12:47:7
Zaccel, Zsonar, Pitch, 12:47:7
Zaccel, Zsonar, Pitch, 12:47:7
Zaccel, Zsonar, Pitch, 12:47:7
Zaccel, Zsonar, Pitch, 12:47:7
Zaccel, Zsonar, Pitch, 12:47:7
Zaccel, Zsonar, Pitch, 12:47:7
Zaccel, Zsonar, Pitch, 12:47:7
Zaccel, Zsonar, Pitch, 12:47:7
Zaccel, Zsonar, Pitch, 12:47:7
Zaccel, Zsonar, Pitch, 12:47:7
Zaccel, Zsonar, Pitch, 12:47:7
Zaccel, Zsonar, Pitch, 12:47:7
Zaccel, Zsonar, Pitch, 12:47:7
Zaccel, Zsonar, Pitch, 12:47:7
Zaccel, Zsonar, Pitch, 12:47:8
Zaccel, Zsonar, Pitch, 12:47:8
Zaccel, Zsonar, Pitch, 12:47:8
Zaccel, Zsonar, Pitch, 12:47:8
Zaccel, Zsonar, Pitch, 12:47:8
Zaccel, Zsonar, Pitch, 12:47:8
Zaccel, Zsonar, Pitch, 12:47:8
Zaccel, Zsonar, Pitch, 12:47:8
Zaccel, Zsonar, Pitch, 12:47:8
Zaccel, Zsonar, Pitch, 12:47:8
Zaccel, Zsonar, Pitch, 12:47:8
Zaccel, Zsonar, Pitch, 12:47:8
Zaccel, Zsonar, Pitch, 12:47:8
Zaccel, Zsonar, Pitch, 12:47:8
Zaccel, Zsonar, Pitch, 12:47:8
Zaccel, Zsonar, Pitch, 12:47:8
Zaccel, Zsonar, Pitch, 12:47:8
Zaccel, Zsonar, Pitch, 12:47:8
Zaccel, Zsonar, Pitch, 12:47:8
Zaccel, Zsonar, Pitch, 12:47:8
Zaccel, Zsonar, Pitch, 12:47:8
Zaccel, Zsonar, Pitch, 12:47:8
Zaccel, Zsonar, Pitch, 12:47:8
Zaccel, Zsonar, Pitch, 12:47:8
Zaccel, Zsonar, Pitch, 12:47:8
Zaccel, Zsonar, Pitch, 12:47:8
Zaccel, Zsonar, Pitch, 12:47:8
Zaccel, Zsonar, Pitch, 12:47:8
Zaccel, Zsonar, Pitch, 12:47:8
Zaccel, Zsonar, Pitch, 12:47:8
Zaccel, Zsonar, Pitch, 12:47:9
Zaccel, Zsonar, Pitch, 12:47:9
Zaccel, Zsonar, Pitch, 12:47:9
Zaccel, Zsonar, Pitch, 12:47:9
Zaccel, Zsonar, Pitch, 12:47:9
Zaccel, Zsonar, Pitch, 12:47:9
Zaccel, Zsonar, Pitch, 12:47:9
Zaccel, Zsonar, Pitch, 12:47:9
Zaccel, Zsonar, Pitch, 12:47:9
Zaccel, Zsonar, Pitch, 12:47:9
Zaccel, Zsonar, Pitch, 12:47:9
Zaccel, Zsonar, Pitch, 12:47:9
Zaccel, Zsonar, Pitch, 12:47:9
Zaccel, Zsonar, Pitch, 12:47:9
Zaccel, Zsonar, Pitch, 12:47:9
Zaccel, Zsonar, Pitch, 12:47:9
Zaccel, Zsonar, Pitch, 12:47:9
Zaccel, Zsonar, Pitch, 12:47:9
Zaccel, Zsonar, Pitch, 12:47:9
Zaccel, Zsonar, Pitch, 12:47:9
Zaccel, Zsonar, Pitch, 12:47:9
Zaccel, Zsonar, Pitch, 12:47:9
Zaccel, Zsonar, Pitch, 12:47:9
Zaccel, Zsonar, Pitch, 12:47:9
Zaccel, Zsonar, Pitch, 12:47:9
Zaccel, Zsonar, Pitch, 12:47:9
Zaccel, Zsonar, Pitch, 12:47:9
Zaccel, Zsonar, Pitch, 12:47:9
Zaccel, Zsonar, Pitch, 12:47:9
Zaccel, Zsonar, Pitch, 12:47:9
Zaccel, Zsonar, Pitch, 12:47:10
Zaccel, Zsonar, Pitch, 12:47:10
Zaccel, Zsonar, Pitch, 12:47:10
Zaccel, Zsonar, Pitch, 12:47:10
Zaccel, Zsonar, Pitch, 12:47:10
Zaccel, Zsonar, Pitch, 12:47:10
Zaccel, Zsonar, Pitch, 12:47:10
Zaccel, Zsonar, Pitch, 12:47:10
Zaccel, Zsonar, Pitch, 12:47:10
Zaccel, Zsonar, Pitch, 12:47:10
Zaccel, Zsonar, Pitch, 12:47:10
Zaccel, Zsonar, Pitch, 12:47:10
Zaccel, Zsonar, Pitch, 12:47:10
Zaccel, Zsonar, Pitch, 12:47:10
Zaccel, Zsonar, Pitch, 12:47:10
Zaccel, Zsonar, Pitch, 12:47:10
Zaccel, Zsonar, Pitch, 12:47:10
Zaccel, Zsonar, Pitch, 12:47:10
Zaccel, Zsonar, Pitch, 12:47:10
Zaccel, Zsonar, Pitch, 12:47:10
Zaccel, Zsonar, Pitch, 12:47:10
Zaccel, Zsonar, Pitch, 12:47:10
Zaccel, Zsonar, Pitch, 12:47:10
Zaccel, Zsonar, Pitch, 12:47:10
Zaccel, Zsonar, Pitch, 12:47:10
Zaccel, Zsonar, Pitch, 12:47:10
Zaccel, Zsonar, Pitch, 12:47:10
Zaccel, Zsonar, Pitch, 12:47:10
Zaccel, Zsonar, Pitch, 12:47:10
Zaccel, Zsonar, Pitch, 12:47:10
Zaccel, Zsonar, Pitch, 12:47:11
Zaccel, Zsonar, Pitch, 12:47:11
Zaccel, Zsonar, Pitch, 12:47:11
Zaccel, Zsonar, Pitch, 12:47:11
Zaccel, Zsonar, Pitch, 12:47:11
Zaccel, Zsonar, Pitch, 12:47:11
Zaccel, Zsonar, Pitch, 12:47:11
Zaccel, Zsonar, Pitch, 12:47:11
Zaccel, Zsonar, Pitch, 12:47:11
Zaccel, Zsonar, Pitch, 12:47:11
Zaccel, Zsonar, Pitch, 12:47:11
Zaccel, Zsonar, Pitch, 12:47:11
Zaccel, Zsonar, Pitch, 12:47:11
Zaccel, Zsonar, Pitch, 12:47:11
Zaccel, Zsonar, Pitch, 12:47:11
Zaccel, Zsonar, Pitch, 12:47:11
Zaccel, Zsonar, Pitch, 12:47:11
Zaccel, Zsonar, Pitch, 12:47:11
Zaccel, Zsonar, Pitch, 12:47:11
Zaccel, Zsonar, Pitch, 12:47:11
Zaccel, Zsonar, Pitch, 12:47:11
Zaccel, Zsonar, Pitch, 12:47:11
Zaccel, Zsonar, Pitch, 12:47:11
Zaccel, Zsonar, Pitch, 12:47:11
Zaccel, Zsonar, Pitch, 12:47:11
Zaccel, Zsonar, Pitch, 12:47:11
Zaccel, Zsonar, Pitch, 12:47:11
Zaccel, Zsonar, Pitch, 12:47:11
Zaccel, Zsonar, Pitch, 12:47:11
Zaccel, Zsonar, Pitch, 12:47:11
Zaccel, Zsonar, Pitch, 12:47:12
Zaccel, Zsonar, Pitch, 12:47:12
Zaccel, Zsonar, Pitch, 12:47:12
Zaccel, Zsonar, Pitch, 12:47:12
Zaccel, Zsonar, Pitch, 12:47:12
Zaccel, Zsonar, Pitch, 12:47:12
Zaccel, Zsonar, Pitch, 12:47:12
Zaccel, Zsonar, Pitch, 12:47:12
Zaccel, Zsonar, Pitch, 12:47:12
Zaccel, Zsonar, Pitch, 12:47:12
Zaccel, Zsonar, Pitch, 12:47:12
Zaccel, Zsonar, Pitch, 12:47:12
Zaccel, Zsonar, Pitch, 12:47:12
Zaccel, Zsonar, Pitch, 12:47:12
Zaccel, Zsonar, Pitch, 12:47:12
Zaccel, Zsonar, Pitch, 12:47:12
Zaccel, Zsonar, Pitch, 12:47:12
Zaccel, Zsonar, Pitch, 12:47:12
Zaccel, Zsonar, Pitch, 12:47:12
Zaccel, Zsonar, Pitch, 12:47:12
Zaccel, Zsonar, Pitch, 12:47:12
Zaccel, Zsonar, Pitch, 12:47:12
Zaccel, Zsonar, Pitch, 12:47:12
Zaccel, Zsonar, Pitch, 12:47:12
Zaccel, Zsonar, Pitch, 12:47:12
Zaccel, Zsonar, Pitch, 12:47:12
Zaccel, Zsonar, Pitch, 12:47:12
Zaccel, Zsonar, Pitch, 12:47:12
Zaccel, Zsonar, Pitch, 12:47:12
Zaccel, Zsonar, Pitch, 12:47:12
Zaccel, Zsonar, Pitch, 12:47:13
Zaccel, Zsonar, Pitch, 12:47:13
Zaccel, Zsonar, Pitch, 12:47:13
Zaccel, Zsonar, Pitch, 12:47:13
Zaccel, Zsonar, Pitch, 12:47:13
Zaccel, Zsonar, Pitch, 12:47:13
Zaccel, Zsonar, Pitch, 12:47:13
Zaccel, Zsonar, Pitch, 12:47:13
Zaccel, Zsonar, Pitch, 12:47:13
Zaccel, Zsonar, Pitch, 12:47:13
Zaccel, Zsonar, Pitch, 12:47:13
Zaccel, Zsonar, Pitch, 12:47:13
Zaccel, Zsonar, Pitch, 12:47:13
Zaccel, Zsonar, Pitch, 12:47:13
Zaccel, Zsonar, Pitch, 12:47:13
Zaccel, Zsonar, Pitch, 12:47:13
Zaccel, Zsonar, Pitch, 12:47:13
Zaccel, Zsonar, Pitch, 12:47:13
Zaccel, Zsonar, Pitch, 12:47:13
Zaccel, Zsonar, Pitch, 12:47:13
Zaccel, Zsonar, Pitch, 12:47:13
Zaccel, Zsonar, Pitch, 12:47:13
Zaccel, Zsonar, Pitch, 12:47:13
Zaccel, Zsonar, Pitch, 12:47:13
Zaccel, Zsonar, Pitch, 12:47:13
Zaccel, Zsonar, Pitch, 12:47:13
Zaccel, Zsonar, Pitch, 12:47:13
Zaccel, Zsonar, Pitch, 12:47:13
Zaccel, Zsonar, Pitch, 12:47:13
Zaccel, Zsonar, Pitch, 12:47:14
Zaccel, Zsonar, Pitch, 12:47:14
Zaccel, Zsonar, Pitch, 12:47:14
Zaccel, Zsonar, Pitch, 12:47:14
Zaccel, Zsonar, Pitch, 12:47:14
Zaccel, Zsonar, Pitch, 12:47:14
Zaccel, Zsonar, Pitch, 12:47:14
Zaccel, Zsonar, Pitch, 12:47:14
Zaccel, Zsonar, Pitch, 12:47:14
Zaccel, Zsonar, Pitch, 12:47:14
Zaccel, Zsonar, Pitch, 12:47:14
Zaccel, Zsonar, Pitch, 12:47:14
Zaccel, Zsonar, Pitch, 12:47:14
Zaccel, Zsonar, Pitch, 12:47:14
Zaccel, Zsonar, Pitch, 12:47:14
Zaccel, Zsonar, Pitch, 12:47:14
Zaccel, Zsonar, Pitch, 12:47:14
Zaccel, Zsonar, Pitch, 12:47:14
Zaccel, Zsonar, Pitch, 12:47:14
Zaccel, Zsonar, Pitch, 12:47:14
Zaccel, Zsonar, Pitch, 12:47:14
Zaccel, Zsonar, Pitch, 12:47:14
Zaccel, Zsonar, Pitch, 12:47:14
Zaccel, Zsonar, Pitch, 12:47:14
Zaccel, Zsonar, Pitch, 12:47:14
Zaccel, Zsonar, Pitch, 12:47:14
Zaccel, Zsonar, Pitch, 12:47:14
Zaccel, Zsonar, Pitch, 12:47:14
Zaccel, Zsonar, Pitch, 12:47:14
Zaccel, Zsonar, Pitch, 12:47:14
Zaccel, Zsonar, Pitch, 12:47:15
Zaccel, Zsonar, Pitch, 12:47:15
Zaccel, Zsonar, Pitch, 12:47:15
Zaccel, Zsonar, Pitch, 12:47:15
Zaccel, Zsonar, Pitch, 12:47:15
Zaccel, Zsonar, Pitch, 12:47:15
Zaccel, Zsonar, Pitch, 12:47:15
Zaccel, Zsonar, Pitch, 12:47:15
Zaccel, Zsonar, Pitch, 12:47:15
Zaccel, Zsonar, Pitch, 12:47:15
Zaccel, Zsonar, Pitch, 12:47:15
Zaccel, Zsonar, Pitch, 12:47:15
Zaccel, Zsonar, Pitch, 12:47:15
Zaccel, Zsonar, Pitch, 12:47:15
Zaccel, Zsonar, Pitch, 12:47:15
Zaccel, Zsonar, Pitch, 12:47:15
Zaccel, Zsonar, Pitch, 12:47:15
Zaccel, Zsonar, Pitch, 12:47:15
Zaccel, Zsonar, Pitch, 12:47:15
Zaccel, Zsonar, Pitch, 12:47:15
Zaccel, Zsonar, Pitch, 12:47:15
Zaccel, Zsonar, Pitch, 12:47:15
Zaccel, Zsonar, Pitch, 12:47:15
Zaccel, Zsonar, Pitch, 12:47:15
Zaccel, Zsonar, Pitch, 12:47:15
Zaccel, Zsonar, Pitch, 12:47:15
Zaccel, Zsonar, Pitch, 12:47:15
Zaccel, Zsonar, Pitch, 12:47:15
Zaccel, Zsonar, Pitch, 12:47:15
Zaccel, Zsonar, Pitch, 12:47:15
Zaccel, Zsonar, Pitch, 12:47:16
Zaccel, Zsonar, Pitch, 12:47:16
Zaccel, Zsonar, Pitch, 12:47:16
Zaccel, Zsonar, Pitch, 12:47:16
Zaccel, Zsonar, Pitch, 12:47:16
Zaccel, Zsonar, Pitch, 12:47:16
Zaccel, Zsonar, Pitch, 12:47:16
Zaccel, Zsonar, Pitch, 12:47:16
Zaccel, Zsonar, Pitch, 12:47:16
Zaccel, Zsonar, Pitch, 12:47:16
Zaccel, Zsonar, Pitch, 12:47:16
Zaccel, Zsonar, Pitch, 12:47:16
Zaccel, Zsonar, Pitch, 12:47:16
Zaccel, Zsonar, Pitch, 12:47:16
Zaccel, Zsonar, Pitch, 12:47:16
Zaccel, Zsonar, Pitch, 12:47:16
Zaccel, Zsonar, Pitch, 12:47:16
Zaccel, Zsonar, Pitch, 12:47:16
Zaccel, Zsonar, Pitch, 12:47:16
Zaccel, Zsonar, Pitch, 12:47:16
Zaccel, Zsonar, Pitch, 12:47:16
Zaccel, Zsonar, Pitch, 12:47:16
Zaccel, Zsonar, Pitch, 12:47:16
Zaccel, Zsonar, Pitch, 12:47:16
Zaccel, Zsonar, Pitch, 12:47:16
Zaccel, Zsonar, Pitch, 12:47:16
Zaccel, Zsonar, Pitch, 12:47:16
Zaccel, Zsonar, Pitch, 12:47:16
Zaccel, Zsonar, Pitch, 12:47:16
Zaccel, Zsonar, Pitch, 12:47:16
Zaccel, Zsonar, Pitch, 12:47:17
Zaccel, Zsonar, Pitch, 12:47:17
Zaccel, Zsonar, Pitch, 12:47:17
Zaccel, Zsonar, Pitch, 12:47:17
Zaccel, Zsonar, Pitch, 12:47:17
Zaccel, Zsonar, Pitch, 12:47:17
Zaccel, Zsonar, Pitch, 12:47:17
Zaccel, Zsonar, Pitch, 12:47:17
Zaccel, Zsonar, Pitch, 12:47:17
Zaccel, Zsonar, Pitch, 12:47:17
Zaccel, Zsonar, Pitch, 12:47:17
Zaccel, Zsonar, Pitch, 12:47:17
Zaccel, Zsonar, Pitch, 12:47:17
Zaccel, Zsonar, Pitch, 12:47:17
Zaccel, Zsonar, Pitch, 12:47:17
Zaccel, Zsonar, Pitch, 12:47:17
Zaccel, Zsonar, Pitch, 12:47:17
Zaccel, Zsonar, Pitch, 12:47:17
Zaccel, Zsonar, Pitch, 12:47:17
Zaccel, Zsonar, Pitch, 12:47:17
Zaccel, Zsonar, Pitch, 12:47:17
Zaccel, Zsonar, Pitch, 12:47:17
Zaccel, Zsonar, Pitch, 12:47:17
Zaccel, Zsonar, Pitch, 12:47:17
Zaccel, Zsonar, Pitch, 12:47:17
Zaccel, Zsonar, Pitch, 12:47:17
Zaccel, Zsonar, Pitch, 12:47:17
Zaccel, Zsonar, Pitch, 12:47:17
Zaccel, Zsonar, Pitch, 12:47:17
Zaccel, Zsonar, Pitch, 12:47:17
Zaccel, Zsonar, Pitch, 12:47:18
Zaccel, Zsonar, Pitch, 12:47:18
Zaccel, Zsonar, Pitch, 12:47:18
Zaccel, Zsonar, Pitch, 12:47:18
Zaccel, Zsonar, Pitch, 12:47:18
Zaccel, Zsonar, Pitch, 12:47:18
Zaccel, Zsonar, Pitch, 12:47:18
Zaccel, Zsonar, Pitch, 12:47:18
Zaccel, Zsonar, Pitch, 12:47:18
Zaccel, Zsonar, Pitch, 12:47:18
Zaccel, Zsonar, Pitch, 12:47:18
Zaccel, Zsonar, Pitch, 12:47:18
Zaccel, Zsonar, Pitch, 12:47:18
Zaccel, Zsonar, Pitch, 12:47:18
Zaccel, Zsonar, Pitch, 12:47:18
Zaccel, Zsonar, Pitch, 12:47:18
Zaccel, Zsonar, Pitch, 12:47:18
Zaccel, Zsonar, Pitch, 12:47:18
Zaccel, Zsonar, Pitch, 12:47:18
Zaccel, Zsonar, Pitch, 12:47:18
Zaccel, Zsonar, Pitch, 12:47:18
Zaccel, Zsonar, Pitch, 12:47:18
Zaccel, Zsonar, Pitch, 12:47:18
Zaccel, Zsonar, Pitch, 12:47:18
Zaccel, Zsonar, Pitch, 12:47:18
Zaccel, Zsonar, Pitch, 12:47:18
Zaccel, Zsonar, Pitch, 12:47:18
Zaccel, Zsonar, Pitch, 12:47:18
Zaccel, Zsonar, Pitch, 12:47:18
Zaccel, Zsonar, Pitch, 12:47:18
Zaccel, Zsonar, Pitch, 12:47:19
Zaccel, Zsonar, Pitch, 12:47:19
Zaccel, Zsonar, Pitch, 12:47:19
Zaccel, Zsonar, Pitch, 12:47:19
Zaccel, Zsonar, Pitch, 12:47:19
Zaccel, Zsonar, Pitch, 12:47:19
Zaccel, Zsonar, Pitch, 12:47:19
Zaccel, Zsonar, Pitch, 12:47:19
Zaccel, Zsonar, Pitch, 12:47:19
Zaccel, Zsonar, Pitch, 12:47:19
Zaccel, Zsonar, Pitch, 12:47:19
Zaccel, Zsonar, Pitch, 12:47:19
Zaccel, Zsonar, Pitch, 12:47:19
Zaccel, Zsonar, Pitch, 12:47:19
Zaccel, Zsonar, Pitch, 12:47:19
Zaccel, Zsonar, Pitch, 12:47:19
Zaccel, Zsonar, Pitch, 12:47:19
Zaccel, Zsonar, Pitch, 12:47:19
Zaccel, Zsonar, Pitch, 12:47:19
Zaccel, Zsonar, Pitch, 12:47:19
Zaccel, Zsonar, Pitch, 12:47:19
Zaccel, Zsonar, Pitch, 12:47:19
Zaccel, Zsonar, Pitch, 12:47:19
Zaccel, Zsonar, Pitch, 12:47:19
Zaccel, Zsonar, Pitch, 12:47:19
Zaccel, Zsonar, Pitch, 12:47:19
Zaccel, Zsonar, Pitch, 12:47:19
Zaccel, Zsonar, Pitch, 12:47:19
Zaccel, Zsonar, Pitch, 12:47:19
Zaccel, Zsonar, Pitch, 12:47:19
Zaccel, Zsonar, Pitch, 12:47:20
Zaccel, Zsonar, Pitch, 12:47:20
Zaccel, Zsonar, Pitch, 12:47:20
Zaccel, Zsonar, Pitch, 12:47:20
Zaccel, Zsonar, Pitch, 12:47:20
Zaccel, Zsonar, Pitch, 12:47:20
Zaccel, Zsonar, Pitch, 12:47:20
Zaccel, Zsonar, Pitch, 12:47:20
Zaccel, Zsonar, Pitch, 12:47:20
Zaccel, Zsonar, Pitch, 12:47:20
Zaccel, Zsonar, Pitch, 12:47:20
Zaccel, Zsonar, Pitch, 12:47:20
Zaccel, Zsonar, Pitch, 12:47:20
Zaccel, Zsonar, Pitch, 12:47:20
Zaccel, Zsonar, Pitch, 12:47:20
Zaccel, Zsonar, Pitch, 12:47:20
Zaccel, Zsonar, Pitch, 12:47:20
Zaccel, Zsonar, Pitch, 12:47:20
Zaccel, Zsonar, Pitch, 12:47:20
Zaccel, Zsonar, Pitch, 12:47:20
Zaccel, Zsonar, Pitch, 12:47:20
Zaccel, Zsonar, Pitch, 12:47:20
Zaccel, Zsonar, Pitch, 12:47:20
Zaccel, Zsonar, Pitch, 12:47:20
Zaccel, Zsonar, Pitch, 12:47:20
Zaccel, Zsonar, Pitch, 12:47:20
Zaccel, Zsonar, Pitch, 12:47:20
Zaccel, Zsonar, Pitch, 12:47:20
Zaccel, Zsonar, Pitch, 12:47:20
Zaccel, Zsonar, Pitch, 12:47:20
Zaccel, Zsonar, Pitch, 12:47:21
Zaccel, Zsonar, Pitch, 12:47:21
Zaccel, Zsonar, Pitch, 12:47:21
Zaccel, Zsonar, Pitch, 12:47:21
Zaccel, Zsonar, Pitch, 12:47:21
Zaccel, Zsonar, Pitch, 12:47:21
Zaccel, Zsonar, Pitch, 12:47:21
Zaccel, Zsonar, Pitch, 12:47:21
Zaccel, Zsonar, Pitch, 12:47:21
Zaccel, Zsonar, Pitch, 12:47:21
Zaccel, Zsonar, Pitch, 12:47:21
Zaccel, Zsonar, Pitch, 12:47:21
Zaccel, Zsonar, Pitch, 12:47:21
Zaccel, Zsonar, Pitch, 12:47:21
Zaccel, Zsonar, Pitch, 12:47:21
Zaccel, Zsonar, Pitch, 12:47:21
Zaccel, Zsonar, Pitch, 12:47:21
Zaccel, Zsonar, Pitch, 12:47:21
Zaccel, Zsonar, Pitch, 12:47:21
Zaccel, Zsonar, Pitch, 12:47:21
Zaccel, Zsonar, Pitch, 12:47:21
Zaccel, Zsonar, Pitch, 12:47:21
Zaccel, Zsonar, Pitch, 12:47:21
Zaccel, Zsonar, Pitch, 12:47:21
Zaccel, Zsonar, Pitch, 12:47:21
Zaccel, Zsonar, Pitch, 12:47:21
Zaccel, Zsonar, Pitch, 12:47:21
Zaccel, Zsonar, Pitch, 12:47:21
Zaccel, Zsonar, Pitch, 12:47:21
Zaccel, Zsonar, Pitch, 12:47:22
Zaccel, Zsonar, Pitch, 12:47:22
Zaccel, Zsonar, Pitch, 12:47:22
Zaccel, Zsonar, Pitch, 12:47:22
Zaccel, Zsonar, Pitch, 12:47:22
Zaccel, Zsonar, Pitch, 12:47:22
Zaccel, Zsonar, Pitch, 12:47:22
Zaccel, Zsonar, Pitch, 12:47:22
Zaccel, Zsonar, Pitch, 12:47:22
Zaccel, Zsonar, Pitch, 12:47:22
Zaccel, Zsonar, Pitch, 12:47:22
Zaccel, Zsonar, Pitch, 12:47:22
Zaccel, Zsonar, Pitch, 12:47:22
Zaccel, Zsonar, Pitch, 12:47:22
Zaccel, Zsonar, Pitch, 12:47:22
Zaccel, Zsonar, Pitch, 12:47:22
Zaccel, Zsonar, Pitch, 12:47:22
Zaccel, Zsonar, Pitch, 12:47:22
Zaccel, Zsonar, Pitch, 12:47:22
Zaccel, Zsonar, Pitch, 12:47:22
Zaccel, Zsonar, Pitch, 12:47:22
Zaccel, Zsonar, Pitch, 12:47:22
Zaccel, Zsonar, Pitch, 12:47:22
Zaccel, Zsonar, Pitch, 12:47:22
Zaccel, Zsonar, Pitch, 12:47:22
Zaccel, Zsonar, Pitch, 12:47:22
Zaccel, Zsonar, Pitch, 12:47:22
Zaccel, Zsonar, Pitch, 12:47:22
Zaccel, Zsonar, Pitch, 12:47:22
Zaccel, Zsonar, Pitch, 12:47:22
Zaccel, Zsonar, Pitch, 12:47:23
Zaccel, Zsonar, Pitch, 12:47:23
Zaccel, Zsonar, Pitch, 12:47:23
Zaccel, Zsonar, Pitch, 12:47:23
Zaccel, Zsonar, Pitch, 12:47:23
Zaccel, Zsonar, Pitch, 12:47:23
Zaccel, Zsonar, Pitch, 12:47:23
Zaccel, Zsonar, Pitch, 12:47:23
Zaccel, Zsonar, Pitch, 12:47:23
Zaccel, Zsonar, Pitch, 12:47:23
Zaccel, Zsonar, Pitch, 12:47:23
Zaccel, Zsonar, Pitch, 12:47:23
Zaccel, Zsonar, Pitch, 12:47:23
Zaccel, Zsonar, Pitch, 12:47:23
Zaccel, Zsonar, Pitch, 12:47:23
Zaccel, Zsonar, Pitch, 12:47:23
Zaccel, Zsonar, Pitch, 12:47:23
Zaccel, Zsonar, Pitch, 12:47:23
Zaccel, Zsonar, Pitch, 12:47:23
Zaccel, Zsonar, Pitch, 12:47:23
Zaccel, Zsonar, Pitch, 12:47:23
Zaccel, Zsonar, Pitch, 12:47:23
Zaccel, Zsonar, Pitch, 12:47:23
Zaccel, Zsonar, Pitch, 12:47:23
Zaccel, Zsonar, Pitch, 12:47:23
Zaccel, Zsonar, Pitch, 12:47:23
Zaccel, Zsonar, Pitch, 12:47:23
Zaccel, Zsonar, Pitch, 12:47:23
Zaccel, Zsonar, Pitch, 12:47:23
Zaccel, Zsonar, Pitch, 12:47:23
Zaccel, Zsonar, Pitch, 12:47:24
Zaccel, Zsonar, Pitch, 12:47:24
Zaccel, Zsonar, Pitch, 12:47:24
Zaccel, Zsonar, Pitch, 12:47:24
Zaccel, Zsonar, Pitch, 12:47:24
Zaccel, Zsonar, Pitch, 12:47:24
Zaccel, Zsonar, Pitch, 12:47:24
Zaccel, Zsonar, Pitch, 12:47:24
Zaccel, Zsonar, Pitch, 12:47:24
Zaccel, Zsonar, Pitch, 12:47:24
Zaccel, Zsonar, Pitch, 12:47:24
Zaccel, Zsonar, Pitch, 12:47:24
Zaccel, Zsonar, Pitch, 12:47:24
Zaccel, Zsonar, Pitch, 12:47:24
Zaccel, Zsonar, Pitch, 12:47:24
Zaccel, Zsonar, Pitch, 12:47:24
Zaccel, Zsonar, Pitch, 12:47:24
Zaccel, Zsonar, Pitch, 12:47:24
Zaccel, Zsonar, Pitch, 12:47:24
Zaccel, Zsonar, Pitch, 12:47:24
Zaccel, Zsonar, Pitch, 12:47:24
Zaccel, Zsonar, Pitch, 12:47:24
Zaccel, Zsonar, Pitch, 12:47:24
Zaccel, Zsonar, Pitch, 12:47:24
Zaccel, Zsonar, Pitch, 12:47:24
Zaccel, Zsonar, Pitch, 12:47:24
Zaccel, Zsonar, Pitch, 12:47:24
Zaccel, Zsonar, Pitch, 12:47:24
Zaccel, Zsonar, Pitch, 12:47:24
Zaccel, Zsonar, Pitch, 12:47:24
Zaccel, Zsonar, Pitch, 12:47:25
Zaccel, Zsonar, Pitch, 12:47:25
Zaccel, Zsonar, Pitch, 12:47:25
Zaccel, Zsonar, Pitch, 12:47:25
Zaccel, Zsonar, Pitch, 12:47:25
Zaccel, Zsonar, Pitch, 12:47:25
Zaccel, Zsonar, Pitch, 12:47:25
Zaccel, Zsonar, Pitch, 12:47:25
Zaccel, Zsonar, Pitch, 12:47:25
Zaccel, Zsonar, Pitch, 12:47:25
Zaccel, Zsonar, Pitch, 12:47:25
Zaccel, Zsonar, Pitch, 12:47:25
Zaccel, Zsonar, Pitch, 12:47:25
Zaccel, Zsonar, Pitch, 12:47:25
Zaccel, Zsonar, Pitch, 12:47:25
Zaccel, Zsonar, Pitch, 12:47:25
Zaccel, Zsonar, Pitch, 12:47:25
Zaccel, Zsonar, Pitch, 12:47:25
Zaccel, Zsonar, Pitch, 12:47:25
Zaccel, Zsonar, Pitch, 12:47:25
Zaccel, Zsonar, Pitch, 12:47:25
Zaccel, Zsonar, Pitch, 12:47:25
Zaccel, Zsonar, Pitch, 12:47:25
Zaccel, Zsonar, Pitch, 12:47:25
Zaccel, Zsonar, Pitch, 12:47:25
Zaccel, Zsonar, Pitch, 12:47:25
Zaccel, Zsonar, Pitch, 12:47:25
Zaccel, Zsonar, Pitch, 12:47:25
Zaccel, Zsonar, Pitch, 12:47:25
Zaccel, Zsonar, Pitch, 12:47:25
Zaccel, Zsonar, Pitch, 12:47:26
Zaccel, Zsonar, Pitch, 12:47:26
Zaccel, Zsonar, Pitch, 12:47:26
Zaccel, Zsonar, Pitch, 12:47:26
Zaccel, Zsonar, Pitch, 12:47:26
Zaccel, Zsonar, Pitch, 12:47:26
Zaccel, Zsonar, Pitch, 12:47:26
Zaccel, Zsonar, Pitch, 12:47:26
Zaccel, Zsonar, Pitch, 12:47:26
Zaccel, Zsonar, Pitch, 12:47:26
Zaccel, Zsonar, Pitch, 12:47:26
Zaccel, Zsonar, Pitch, 12:47:26
Zaccel, Zsonar, Pitch, 12:47:26
Zaccel, Zsonar, Pitch, 12:47:26
Zaccel, Zsonar, Pitch, 12:47:26
Zaccel, Zsonar, Pitch, 12:47:26
Zaccel, Zsonar, Pitch, 12:47:26
Zaccel, Zsonar, Pitch, 12:47:26
Zaccel, Zsonar, Pitch, 12:47:26
Zaccel, Zsonar, Pitch, 12:47:26
Zaccel, Zsonar, Pitch, 12:47:26
Zaccel, Zsonar, Pitch, 12:47:26
Zaccel, Zsonar, Pitch, 12:47:26
Zaccel, Zsonar, Pitch, 12:47:26
Zaccel, Zsonar, Pitch, 12:47:26
Zaccel, Zsonar, Pitch, 12:47:26
Zaccel, Zsonar, Pitch, 12:47:26
Zaccel, Zsonar, Pitch, 12:47:26
Zaccel, Zsonar, Pitch, 12:47:26
Zaccel, Zsonar, Pitch, 12:47:27
Zaccel, Zsonar, Pitch, 12:47:27
Zaccel, Zsonar, Pitch, 12:47:27
Zaccel, Zsonar, Pitch, 12:47:27
Zaccel, Zsonar, Pitch, 12:47:27
Zaccel, Zsonar, Pitch, 12:47:27
Zaccel, Zsonar, Pitch, 12:47:27
Zaccel, Zsonar, Pitch, 12:47:27
Zaccel, Zsonar, Pitch, 12:47:27
Zaccel, Zsonar, Pitch, 12:47:27
Zaccel, Zsonar, Pitch, 12:47:27
Zaccel, Zsonar, Pitch, 12:47:27
Zaccel, Zsonar, Pitch, 12:47:27
Zaccel, Zsonar, Pitch, 12:47:27
Zaccel, Zsonar, Pitch, 12:47:27
Zaccel, Zsonar, Pitch, 12:47:27
Zaccel, Zsonar, Pitch, 12:47:27
Zaccel, Zsonar, Pitch, 12:47:27
Zaccel, Zsonar, Pitch, 12:47:27
Zaccel, Zsonar, Pitch, 12:47:27
Zaccel, Zsonar, Pitch, 12:47:27
Zaccel, Zsonar, Pitch, 12:47:27
Zaccel, Zsonar, Pitch, 12:47:27
Zaccel, Zsonar, Pitch, 12:47:27
Zaccel, Zsonar, Pitch, 12:47:27
Zaccel, Zsonar, Pitch, 12:47:27
Zaccel, Zsonar, Pitch, 12:47:27
Zaccel, Zsonar, Pitch, 12:47:27
Zaccel, Zsonar, Pitch, 12:47:27
Zaccel, Zsonar, Pitch, 12:47:27
Zaccel, Zsonar, Pitch, 12:47:28
Zaccel, Zsonar, Pitch, 12:47:28
Zaccel, Zsonar, Pitch, 12:47:28
Zaccel, Zsonar, Pitch, 12:47:28
Zaccel, Zsonar, Pitch, 12:47:28
Zaccel, Zsonar, Pitch, 12:47:28
Zaccel, Zsonar, Pitch, 12:47:28
Zaccel, Zsonar, Pitch, 12:47:28
Zaccel, Zsonar, Pitch, 12:47:28
Zaccel, Zsonar, Pitch, 12:47:28
Zaccel, Zsonar, Pitch, 12:47:28
Zaccel, Zsonar, Pitch, 12:47:28
Zaccel, Zsonar, Pitch, 12:47:28
Zaccel, Zsonar, Pitch, 12:47:28
Zaccel, Zsonar, Pitch, 12:47:28
Zaccel, Zsonar, Pitch, 12:47:28
Zaccel, Zsonar, Pitch, 12:47:28
Zaccel, Zsonar, Pitch, 12:47:28
Zaccel, Zsonar, Pitch, 12:47:28
Zaccel, Zsonar, Pitch, 12:47:28
Zaccel, Zsonar, Pitch, 12:47:28
Zaccel, Zsonar, Pitch, 12:47:28
Zaccel, Zsonar, Pitch, 12:47:28
Zaccel, Zsonar, Pitch, 12:47:28
Zaccel, Zsonar, Pitch, 12:47:28
Zaccel, Zsonar, Pitch, 12:47:28
Zaccel, Zsonar, Pitch, 12:47:28
Zaccel, Zsonar, Pitch, 12:47:28
Zaccel, Zsonar, Pitch, 12:47:28
Zaccel, Zsonar, Pitch, 12:47:28
Zaccel, Zsonar, Pitch, 12:47:29
Zaccel, Zsonar, Pitch, 12:47:29
Zaccel, Zsonar, Pitch, 12:47:29
Zaccel, Zsonar, Pitch, 12:47:29
Zaccel, Zsonar, Pitch, 12:47:29
Zaccel, Zsonar, Pitch, 12:47:29
Zaccel, Zsonar, Pitch, 12:47:29
Zaccel, Zsonar, Pitch, 12:47:29
Zaccel, Zsonar, Pitch, 12:47:29
Zaccel, Zsonar, Pitch, 12:47:29
Zaccel, Zsonar, Pitch, 12:47:29
Zaccel, Zsonar, Pitch, 12:47:29
Zaccel, Zsonar, Pitch, 12:47:29
Zaccel, Zsonar, Pitch, 12:47:29
Zaccel, Zsonar, Pitch, 12:47:29
Zaccel, Zsonar, Pitch, 12:47:29
Zaccel, Zsonar, Pitch, 12:47:29
Zaccel, Zsonar, Pitch, 12:47:29
Zaccel, Zsonar, Pitch, 12:47:29
Zaccel, Zsonar, Pitch, 12:47:29
Zaccel, Zsonar, Pitch, 12:47:29
Zaccel, Zsonar, Pitch, 12:47:29
Zaccel, Zsonar, Pitch, 12:47:29
Zaccel, Zsonar, Pitch, 12:47:29
Zaccel, Zsonar, Pitch, 12:47:29
Zaccel, Zsonar, Pitch, 12:47:29
Zaccel, Zsonar, Pitch, 12:47:29
Zaccel, Zsonar, Pitch, 12:47:29
Zaccel, Zsonar, Pitch, 12:47:29
Zaccel, Zsonar, Pitch, 12:47:29
Zaccel, Zsonar, Pitch, 12:47:30
Zaccel, Zsonar, Pitch, 12:47:30
Zaccel, Zsonar, Pitch, 12:47:30
Zaccel, Zsonar, Pitch, 12:47:30
Zaccel, Zsonar, Pitch, 12:47:30
Zaccel, Zsonar, Pitch, 12:47:30
Zaccel, Zsonar, Pitch, 12:47:30
Zaccel, Zsonar, Pitch, 12:47:30
Zaccel, Zsonar, Pitch, 12:47:30
Zaccel, Zsonar, Pitch, 12:47:30
Zaccel, Zsonar, Pitch, 12:47:30
Zaccel, Zsonar, Pitch, 12:47:30
Zaccel, Zsonar, Pitch, 12:47:30
Zaccel, Zsonar, Pitch, 12:47:30
Zaccel, Zsonar, Pitch, 12:47:30
Zaccel, Zsonar, Pitch, 12:47:30
Zaccel, Zsonar, Pitch, 12:47:30
Zaccel, Zsonar, Pitch, 12:47:30
Zaccel, Zsonar, Pitch, 12:47:30
Zaccel, Zsonar, Pitch, 12:47:30
Zaccel, Zsonar, Pitch, 12:47:30
Zaccel, Zsonar, Pitch, 12:47:30
Zaccel, Zsonar, Pitch, 12:47:30
Zaccel, Zsonar, Pitch, 12:47:30
Zaccel, Zsonar, Pitch, 12:47:30
Zaccel, Zsonar, Pitch, 12:47:30
Zaccel, Zsonar, Pitch, 12:47:30
Zaccel, Zsonar, Pitch, 12:47:30
Zaccel, Zsonar, Pitch, 12:47:30
Zaccel, Zsonar, Pitch, 12:47:30
Zaccel, Zsonar, Pitch, 12:47:31
Zaccel, Zsonar, Pitch, 12:47:31
Zaccel, Zsonar, Pitch, 12:47:31
Zaccel, Zsonar, Pitch, 12:47:31
Zaccel, Zsonar, Pitch, 12:47:31
Zaccel, Zsonar, Pitch, 12:47:31
Zaccel, Zsonar, Pitch, 12:47:31
Zaccel, Zsonar, Pitch, 12:47:31
Zaccel, Zsonar, Pitch, 12:47:31
Zaccel, Zsonar, Pitch, 12:47:31
Zaccel, Zsonar, Pitch, 12:47:31
Zaccel, Zsonar, Pitch, 12:47:31
Zaccel, Zsonar, Pitch, 12:47:31
Zaccel, Zsonar, Pitch, 12:47:31
Zaccel, Zsonar, Pitch, 12:47:31
Zaccel, Zsonar, Pitch, 12:47:31
Zaccel, Zsonar, Pitch, 12:47:31
Zaccel, Zsonar, Pitch, 12:47:31
Zaccel, Zsonar, Pitch, 12:47:31
Zaccel, Zsonar, Pitch, 12:47:31
Zaccel, Zsonar, Pitch, 12:47:31
Zaccel, Zsonar, Pitch, 12:47:31
Zaccel, Zsonar, Pitch, 12:47:31
Zaccel, Zsonar, Pitch, 12:47:31
Zaccel, Zsonar, Pitch, 12:47:31
Zaccel, Zsonar, Pitch, 12:47:31
Zaccel, Zsonar, Pitch, 12:47:31
Zaccel, Zsonar, Pitch, 12:47:31
Zaccel, Zsonar, Pitch, 12:47:31
Zaccel, Zsonar, Pitch, 12:47:31
Zaccel, Zsonar, Pitch, 12:47:32
Zaccel, Zsonar, Pitch, 12:47:32
Zaccel, Zsonar, Pitch, 12:47:32
Zaccel, Zsonar, Pitch, 12:47:32
Zaccel, Zsonar, Pitch, 12:47:32
Zaccel, Zsonar, Pitch, 12:47:32
Zaccel, Zsonar, Pitch, 12:47:32
Zaccel, Zsonar, Pitch, 12:47:32
Zaccel, Zsonar, Pitch, 12:47:32
Zaccel, Zsonar, Pitch, 12:47:32
Zaccel, Zsonar, Pitch, 12:47:32
Zaccel, Zsonar, Pitch, 12:47:32
Zaccel, Zsonar, Pitch, 12:47:32
Zaccel, Zsonar, Pitch, 12:47:32
Zaccel, Zsonar, Pitch, 12:47:32
Zaccel, Zsonar, Pitch, 12:47:32
Zaccel, Zsonar, Pitch, 12:47:32
Zaccel, Zsonar, Pitch, 12:47:32
Zaccel, Zsonar, Pitch, 12:47:32
Zaccel, Zsonar, Pitch, 12:47:32
Zaccel, Zsonar, Pitch, 12:47:32
Zaccel, Zsonar, Pitch, 12:47:32
Zaccel, Zsonar, Pitch, 12:47:32
Zaccel, Zsonar, Pitch, 12:47:32
Zaccel, Zsonar, Pitch, 12:47:32
Zaccel, Zsonar, Pitch, 12:47:32
Zaccel, Zsonar, Pitch, 12:47:32
Zaccel, Zsonar, Pitch, 12:47:32
Zaccel, Zsonar, Pitch, 12:47:32
Zaccel, Zsonar, Pitch, 12:47:32
Zaccel, Zsonar, Pitch, 12:47:33
Zaccel, Zsonar, Pitch, 12:47:33
Zaccel, Zsonar, Pitch, 12:47:33
Zaccel, Zsonar, Pitch, 12:47:33
Zaccel, Zsonar, Pitch, 12:47:33
Zaccel, Zsonar, Pitch, 12:47:33
Zaccel, Zsonar, Pitch, 12:47:33
Zaccel, Zsonar, Pitch, 12:47:33
Zaccel, Zsonar, Pitch, 12:47:33
Zaccel, Zsonar, Pitch, 12:47:33
Zaccel, Zsonar, Pitch, 12:47:33
Zaccel, Zsonar, Pitch, 12:47:33
Zaccel, Zsonar, Pitch, 12:47:33
Zaccel, Zsonar, Pitch, 12:47:33
Zaccel, Zsonar, Pitch, 12:47:33
Zaccel, Zsonar, Pitch, 12:47:33
Zaccel, Zsonar, Pitch, 12:47:33
Zaccel, Zsonar, Pitch, 12:47:33
Zaccel, Zsonar, Pitch, 12:47:33
Zaccel, Zsonar, Pitch, 12:47:33
Zaccel, Zsonar, Pitch, 12:47:33
Zaccel, Zsonar, Pitch, 12:47:33
Zaccel, Zsonar, Pitch, 12:47:33
Zaccel, Zsonar, Pitch, 12:47:33
Zaccel, Zsonar, Pitch, 12:47:33
Zaccel, Zsonar, Pitch, 12:47:33
Zaccel, Zsonar, Pitch, 12:47:33
Zaccel, Zsonar, Pitch, 12:47:33
Zaccel, Zsonar, Pitch, 12:47:33
Zaccel, Zsonar, Pitch, 12:47:33
Zaccel, Zsonar, Pitch, 12:47:34
Zaccel, Zsonar, Pitch, 12:47:34
Zaccel, Zsonar, Pitch, 12:47:34
Zaccel, Zsonar, Pitch, 12:47:34
Zaccel, Zsonar, Pitch, 12:47:34
Zaccel, Zsonar, Pitch, 12:47:34
Zaccel, Zsonar, Pitch, 12:47:34
Zaccel, Zsonar, Pitch, 12:47:34
Zaccel, Zsonar, Pitch, 12:47:34
Zaccel, Zsonar, Pitch, 12:47:34
Zaccel, Zsonar, Pitch, 12:47:34
Zaccel, Zsonar, Pitch, 12:47:34
Zaccel, Zsonar, Pitch, 12:47:34
Zaccel, Zsonar, Pitch, 12:47:34
Zaccel, Zsonar, Pitch, 12:47:34
Zaccel, Zsonar, Pitch, 12:47:34
Zaccel, Zsonar, Pitch, 12:47:34
Zaccel, Zsonar, Pitch, 12:47:34
Zaccel, Zsonar, Pitch, 12:47:34
Zaccel, Zsonar, Pitch, 12:47:34
Zaccel, Zsonar, Pitch, 12:47:34
